imdbId,Label
95159,2
1205537,8
56196,0
91637,2
118749,0
210717,9
229260,6
258100,4
1023490,9
335245,2
318462,6
271668,4
330099,0
1422758,3
56671,1
407732,4
1137481,8
97889,1
108207,4
940620,3
112573,9
72288,2
242285,5
118662,3
96386,4
51198,9
46754,2
1756791,9
93437,5
84504,6
104922,6
121804,6
95519,4
271020,0
418279,6
46126,2
70557,4
1436562,7
55207,6
440803,5
26676,4
37674,1
71282,5
90563,1
177789,6
1487120,3
119906,2
71910,0
335121,5
36933,7
106226,1
81070,2
89006,0
120824,0
119107,3
48682,6
118577,4
66380,5
447016,3
171685,0
99422,4
118635,9
90849,5
838283,4
218839,4
114898,6
81398,9
46085,6
100485,2
60463,1
3383040,9
940620,3
95360,3
91830,1
76786,5
94606,1
98354,5
88708,6
354575,3
106966,1
118836,4
1307059,4
221218,2
92123,0
306432,0
2312262,7
98503,4
893356,9
92559,1
94910,4
113677,0
1068634,3
116481,3
120458,5
155388,1
139216,1
69467,0
120655,6
1365023,3
164334,2
75824,0
356201,7
300214,0
93186,1
66249,6
41530,9
125980,6
94961,4
106937,6
1460738,7
1219342,7
62793,6
1634003,7
107843,2
41498,1
783612,3
856052,4
1284509,3
454921,9
115012,2
84472,5
116130,4
1674773,9
1250777,4
448114,8
1534397,4
70169,2
80012,4
114924,1
116908,2
110300,7
488988,9
1866249,9
117891,2
102782,6
71583,4
107260,9
156820,0
765010,8
1326954,3
486358,3
136244,6
2098791,8
400717,7
462519,4
105399,4
68233,8
3922474,8
248965,8
99088,6
274309,9
157016,2
217019,9
94868,0
35884,8
123281,8
82924,4
61696,8
113556,0
277027,0
473364,8
67334,6
79858,4
69282,8
20620,9
379225,3
41831,4
266489,4
117091,0
222812,2
93207,7
17075,2
89893,6
83987,9
243595,2
45261,7
61407,1
1876277,9
54279,4
261289,1
59170,4
108557,0
1407052,7
386032,3
1156173,9
986361,7
45564,2
1584813,3
109120,6
275067,5
1047445,8
36497,3
66839,9
160574,1
111341,0
50083,2
93936,1
112702,4
119874,8
116209,1
1190722,3
906778,9
100258,5
78105,8
321997,8
780524,3
246765,9
84784,0
99566,8
120642,0
28010,1
74483,2
25878,2
827179,8
281820,2
244316,1
129167,7
186894,1
426578,9
3638012,7
211219,3
78295,5
120787,2
174852,3
1226271,9
33774,2
59710,6
86508,8
119848,1
71334,1
179063,8
60125,6
216799,1
37536,0
203408,6
1107816,5
974014,9
65780,3
1278060,7
54673,5
55153,5
205461,6
332452,6
90727,4
1977941,8
906734,5
211465,2
114938,9
65421,7
117775,4
101757,4
84881,7
91027,0
53559,5
961722,5
95169,1
462396,6
281726,8
1239462,7
318590,9
66130,9
101531,0
90917,5
57878,4
95296,2
120777,4
169858,7
23622,2
109254,4
1286821,3
107362,6
346336,1
99128,1
91670,0
116833,0
323572,1
912580,3
111543,6
49933,9
296572,6
55597,2
93870,2
49782,6
1080016,7
24188,5
65669,5
1582621,8
113957,2
1210355,8
91455,7
300274,3
118615,6
120184,5
63121,6
70640,0
330691,5
191173,7
88987,9
62776,6
304328,2
155267,2
963794,5
110157,6
98019,4
97162,5
70374,8
28174,5
82404,0
41737,4
56443,2
488988,9
98575,1
416496,4
67372,9
61810,6
47582,4
2120025,8
330181,9
158591,7
68187,5
337996,3
374900,4
347037,0
75940,8
80117,0
92272,1
75261,5
64462,8
277371,4
45554,4
380164,5
368658,0
417395,4
80388,2
21749,1
103923,6
24593,6
91513,0
1287468,4
73012,6
267536,7
70294,5
53622,0
75520,9
115645,2
88763,6
127723,1
98309,4
439810,3
246875,0
261983,5
83163,4
401383,9
113104,3
81237,5
324127,2
3665860,9
199129,0
1646926,7
42469,8
411269,5
113270,3
24645,6
77942,1
1764657,3
120855,7
1054487,7
1104694,3
436686,3
45846,6
85121,2
1679681,7
302886,4
419946,8
362004,0
27845,8
94035,2
308383,1
77713,5
133046,8
118158,6
111438,2
167046,7
96046,5
87553,9
36855,2
464907,4
100024,0
31602,1
67929,5
112651,3
74564,2
437300,7
1646971,7
247586,2
43153,9
390299,3
1922736,7
101628,5
10040,0
1230372,8
1302067,7
92758,3
95690,1
433362,5
81633,6
246772,1
399201,6
71431,5
407617,4
208092,2
56575,1
112527,5
114113,1
420952,3
803005,3
233809,3
144604,0
50330,0
48316,9
178050,0
2100546,7
448404,9
328880,7
61653,6
80738,8
96869,7
115734,2
87481,4
177888,2
1125387,3
117201,9
324071,8
107613,1
1038011,5
1653911,9
71362,8
107096,9
216651,7
349169,1
73834,9
1204979,5
55100,1
100606,8
85811,6
42644,6
804443,5
183065,3
1425244,7
119567,6
264935,2
111464,5
73582,5
120207,2
116250,9
165494,4
119346,7
354623,5
837562,7
120001,9
71514,4
116282,2
365885,0
242193,9
98097,4
1188729,5
1645089,3
92752,7
65832,6
257231,4
1323520,7
64285,0
1559549,3
45274,0
298408,0
433963,5
89092,6
89881,0
465997,7
2842470,9
189584,4
53935,6
172493,9
210149,0
339806,0
119987,1
1699114,7
37913,2
95428,2
120094,9
107079,8
243585,7
186730,0
291538,1
92695,7
103768,6
2229377,8
102536,0
1332054,4
258816,2
119655,0
473692,3
352851,8
97967,2
71477,9
416243,8
138681,2
80846,6
270911,4
97880,2
3446906,8
239395,4
381348,7
97195,0
486028,5
342300,1
284478,1
115715,2
124555,1
182000,2
95593,2
118819,0
42054,0
815241,3
1122836,5
463027,8
271200,2
97499,9
106664,5
61758,2
103007,4
41842,3
178130,9
117040,3
37954,6
225481,5
105691,2
201538,0
298296,8
109484,1
160009,6
87365,6
3341718,8
82350,6
292066,1
213565,9
831315,3
32273,6
427042,9
1303889,3
26266,6
84117,9
417056,4
1340803,7
88748,7
66549,9
99028,3
294594,5
402115,4
54102,9
119728,3
382077,5
84359,6
109161,8
1504320,9
113071,6
74860,2
1621039,7
2618368,9
79432,4
96180,2
119546,4
111001,0
110426,7
1265998,7
71189,8
342492,0
1794943,9
115906,0
499484,8
120746,6
131149,3
83791,6
26071,1
213905,0
1433540,7
2374835,9
26663,5
402249,5
1259998,7
2630134,7
96740,9
75194,6
198021,1
80625,9
104606,0
293475,3
100911,0
2227830,9
94884,0
89941,6
71455,8
829459,9
1210117,7
115927,1
282209,5
105737,4
485323,7
33865,7
337114,4
460742,5
1374990,7
65711,8
1512201,3
105569,5
364385,5
286261,0
68853,1
307901,0
70723,5
284203,3
111301,6
98093,2
40160,2
1020885,4
97579,2
92337,0
106627,8
358569,3
194530,4
245341,4
71970,8
236285,9
870112,3
32635,5
93006,0
51380,5
75169,0
469263,6
3759416,7
1202522,8
418091,6
94318,6
140384,5
314676,2
85327,6
1104835,4
97116,1
204313,5
1800254,7
53134,0
96256,5
349747,9
250305,6
2915160,8
76009,5
85935,6
814075,3
82934,2
926129,5
996966,3
2268617,7
1725156,7
120681,5
210945,9
35763,6
107497,2
2626090,9
39040,1
449077,8
420293,9
1048171,9
120102,6
54745,3
63230,7
105477,4
844462,3
810895,7
96259,2
888817,7
88007,0
92206,8
194368,2
1411704,7
96219,0
101590,8
59319,8
146516,8
277944,8
103888,3
42332,7
254455,1
345551,1
218433,3
349416,0
105706,1
33836,1
51383,1
119947,6
53275,7
81759,8
82533,5
24240,4
220806,8
54047,6
177971,6
105159,0
889583,4
2783020,7
187859,3
189142,1
388318,0
181627,7
56264,6
68230,5
44733,3
116480,9
70959,8
1528227,9
24569,7
88944,6
322725,1
246593,0
62804,9
92585,8
117247,1
372279,3
56017,4
92652,4
1119646,4
80772,7
45758,8
453494,6
2473602,9
58888,0
262076,3
1333634,3
1468321,7
951333,7
56193,2
128690,8
101694,8
379357,3
74554,0
126604,0
1390535,5
48605,1
38777,4
132905,0
112746,1
2654124,7
111807,4
1032821,3
109891,2
1094666,9
43915,1
182526,8
1477715,3
347791,7
799934,4
354696,3
280778,9
2347144,8
61395,0
103060,6
1028576,9
1149583,3
49370,5
32271,7
1961192,9
74747,8
469062,5
1478804,8
3139086,7
35279,8
374294,8
71508,5
56552,5
325761,0
40552,6
84302,0
775489,7
112508,4
212292,4
1134854,5
60086,0
157182,0
90966,4
98994,2
51885,5
314063,7
61784,8
234940,1
98439,4
79859,4
206681,3
28070,4
2095649,9
242587,2
52543,9
315733,2
119731,2
121989,8
34078,8
328099,2
134633,8
118735,8
89543,8
87682,1
59792,5
3557440,7
98141,2
1284028,3
901507,9
478049,3
823187,4
1017451,9
1568150,3
119578,1
22268,1
79477,6
3317208,8
436697,9
108258,6
283090,8
1825157,8
385586,7
896927,5
1107365,7
1071812,9
80731,4
1488181,7
1361313,4
160797,8
61199,7
115640,1
123964,2
449471,5
104815,8
912592,3
2234550,7
1221208,9
2402603,8
118026,9
997088,3
86443,6
115862,2
2195552,8
98022,6
57358,0
82958,6
192949,4
113870,8
45555,2
106946,8
61177,6
473464,8
425395,4
262911,0
98672,5
38355,2
1161443,4
416825,3
234137,1
120769,2
248110,8
332658,2
103759,2
329691,4
89420,6
111252,0
430484,3
1183911,9
86036,5
94597,5
68611,8
455362,5
478337,3
145660,6
116141,1
247380,3
230838,1
119079,1
56504,6
82111,4
762133,3
430289,3
93209,1
102494,0
119934,9
884328,5
1274586,8
3089326,8
54443,5
1737090,8
35567,1
399327,4
86022,0
89175,5
117653,8
31385,1
118942,8
35807,8
84477,2
253881,5
111194,4
118747,4
207805,9
2247566,9
34012,1
102522,5
452681,6
72742,3
93857,4
342570,3
78437,6
334754,1
90556,0
98621,4
120890,2
844761,3
63442,6
92654,2
2077703,7
475747,7
1393020,9
54642,6
83911,0
306811,3
1837636,9
116559,4
69117,8
240468,4
2357291,7
95497,0
71890,8
1261843,3
58073,5
62687,7
68323,6
378109,6
119094,2
261066,9
331080,3
111549,8
90856,4
109575,5
1122614,3
33105,6
36419,9
110671,1
87688,0
2872750,7
107566,2
84827,6
825728,8
171433,1
2636124,7
79428,4
1696202,7
80472,6
491703,7
499665,7
1533796,3
109593,0
800003,6
296881,3
34428,6
86992,1
82764,1
3488328,8
64088,8
94641,4
1176726,3
49367,7
1282152,8
49902,8
168589,0
3496372,8
81420,0
31067,1
92718,1
342508,5
1527,7
112818,2
56211,6
75688,9
936501,8
3813916,8
174268,0
66227,6
106379,0
120749,2
81291,0
100639,5
93737,2
1568923,3
402057,6
489212,4
264689,2
126859,0
445691,9
1370889,3
116516,2
239948,2
58458,1
113824,7
369281,7
340477,6
33852,1
186804,8
65597,5
443453,4
109368,0
275022,1
107107,8
106350,1
1985966,7
105813,2
1339238,7
3609402,9
251191,0
171580,2
407821,5
90368,1
780608,4
468094,3
26983,6
186566,6
223249,3
111709,2
80556,1
116722,1
437232,9
1054580,9
461770,7
430922,4
120782,2
39437,6
426459,4
50706,4
396705,3
63612,4
65755,6
70016,7
91877,2
485976,4
34277,9
99892,1
60223,8
419073,7
98546,0
97443,4
460823,3
80745,6
119822,1
120906,2
478090,3
120090,0
119007,0
84370,4
107492,4
1112115,3
82464,6
137439,1
2182019,8
68291,5
4411504,9
116164,2
51754,9
488121,8
98524,2
492619,4
963807,3
207195,3
43614,1
97142,4
117979,1
112443,2
271367,4
381061,6
436971,3
408017,8
1321509,4
116932,1
82225,9
230252,4
102861,0
2302755,8
111408,3
107443,0
1381404,8
108504,1
1520380,7
82719,9
108358,9
422258,7
1144866,3
780548,9
86352,1
1227929,3
329388,0
328802,0
1696535,3
1753722,8
2262227,7
1424432,3
104321,1
1568334,3
90660,4
78916,5
110377,3
947810,8
68315,9
1104746,3
1847548,8
53226,1
113277,2
90968,4
1249294,5
86355,9
100200,0
116743,2
100623,5
87951,4
100514,4
2181831,9
50738,4
85248,6
105275,2
27657,6
1419318,3
300471,6
339607,4
106611,6
58672,6
311113,6
97314,4
24184,5
465203,5
68182,6
120910,7
164292,9
293191,6
59817,3
116834,1
368287,3
103859,1
48034,1
117788,4
192802,7
228528,9
324242,5
105622,0
51790,9
119675,5
1621444,3
116000,4
433442,5
43313,0
441787,7
112379,0
95953,0
52888,5
290662,0
118892,9
113481,2
492784,5
265666,0
79013,6
61184,0
293685,3
1076240,9
88423,4
47127,2
109445,4
204933,2
314170,6
76271,5
287645,1
96870,4
44926,9
1386011,4
36653,2
388473,7
120613,1
53901,9
834102,5
85346,1
236034,4
120738,6
105618,3
117039,9
1420543,9
79946,6
464154,5
56059,6
120859,1
357413,4
101465,6
1202514,8
1320302,3
225100,0
297721,2
291502,1
2948790,8
86856,6
289176,3
114576,2
160498,1
120903,6
340855,9
76106,9
28141,9
118880,2
258760,4
462229,4
80754,2
39286,2
82671,1
80684,6
275182,0
13823,7
67527,3
3671542,9
111613,1
268380,7
387682,3
97839,7
100625,4
290160,0
59800,6
73778,2
83701,7
304415,0
2279373,7
1444252,8
59346,6
4262142,9
109855,2
99204,2
110570,2
430779,7
482546,9
50861,1
85615,2
66416,3
144801,3
1951216,9
106779,4
156887,7
283387,0
279781,4
85474,3
106660,0
114435,3
179196,6
462295,4
89838,4
230600,5
259484,2
107233,3
88194,2
300051,1
70518,9
94919,5
113540,0
374248,6
87507,4
84182,8
416908,7
87985,0
76327,1
95956,6
2316868,9
181322,4
294805,3
196181,5
275719,0
462477,9
411269,5
114214,1
4429128,8
98627,6
40427,2
117540,0
60345,7
420609,9
1236242,8
1039647,3
11841,1
114388,1
185143,7
51459,1
1430607,7
799915,3
1241330,5
36929,8
218378,1
1331095,3
80500,0
99160,2
95631,4
110137,1
119654,6
108432,7
175880,0
211181,6
368954,3
272338,1
54269,1
454457,5
116040,6
54412,0
92225,2
117442,9
398237,7
251127,1
93300,6
87747,1
46963,0
253586,8
1825918,7
293564,4
93277,0
113839,1
1238291,8
977646,4
109382,9
496253,3
50613,0
114690,8
101786,0
360216,3
93996,5
441796,5
2056771,8
1785277,8
63688,2
48119,9
92929,0
95271,5
58930,0
362538,8
119485,9
109415,5
240425,7
233142,4
3004746,8
1610301,7
222850,1
262396,2
1535109,9
16332,1
832903,3
99348,6
257516,5
82969,0
307987,2
20668,2
93093,0
113720,1
758751,9
47898,5
109823,1
89907,5
92690,4
42004,2
1780983,8
52365,6
82964,1
2709768,7
1827536,7
56072,9
479952,7
435625,6
111689,1
120449,0
760187,5
486651,5
1316536,5
294959,7
118665,2
305669,4
71680,3
1421373,3
44386,6
104033,0
72417,1
25456,3
113448,1
73692,0
42619,0
120693,2
70679,6
95119,1
1705977,3
1326831,3
480082,7
118771,2
131636,7
63671,8
82525,4
75610,3
1693039,7
115754,1
43924,1
264150,1
237534,6
55539,2
74633,8
1954206,9
415306,4
816671,7
762111,3
1034419,9
49815,1
74102,9
316396,6
357470,1
109068,2
129884,1
265859,8
265298,6
53877,1
223251,3
37382,6
95765,0
847817,3
2948202,7
1474312,3
808425,4
87062,4
25423,6
130444,9
120536,8
110577,8
92897,4
759612,9
108186,1
351461,0
97165,0
96321,0
117509,1
70328,6
128996,7
123865,9
111424,2
241357,9
933064,7
110259,1
123179,7
800099,3
210382,2
50658,2
110116,9
115493,6
100263,8
141716,3
2358911,7
43687,9
272045,7
1286800,3
1047007,3
1224448,3
479044,3
40795,4
57889,0
120051,8
476884,8
102943,0
105616,7
120881,0
119396,2
114592,0
101428,0
837106,6
35209,3
330373,6
66192,8
462570,4
286244,7
72737,6
117128,5
339419,2
116414,0
104779,1
241223,1
282768,1
23293,5
84555,4
396190,8
196931,7
113184,1
486541,3
54357,6
98230,4
108395,7
271211,3
762117,3
98559,3
119699,4
87932,4
38417,6
79807,3
28108,9
68334,0
190865,6
287717,6
349683,6
160916,1
280760,0
36112,1
79357,7
492460,7
1200060,3
73768,4
162973,1
266860,7
98273,2
409965,3
89393,1
105104,2
66265,6
96875,4
181984,2
144715,4
60371,3
2263944,7
107875,7
109951,0
108555,8
82213,5
111180,2
218817,2
420251,5
397313,6
1380152,8
79522,1
68457,5
399862,6
120122,2
112537,1
427228,3
55505,5
293416,7
303785,1
410321,3
259127,6
39881,2
90848,6
317219,7
450972,4
1639826,7
93051,2
120391,1
478209,3
180093,0
160672,2
109447,4
763304,7
120844,6
65839,4
428646,7
47880,2
110965,5
24216,6
100053,4
25862,6
1784538,3
48604,9
70155,2
143127,7
357567,3
1029235,9
1407050,4
249248,3
236638,5
221344,2
92085,1
3404158,8
120321,0
119547,0
51744,2
62229,2
819755,5
116059,4
196216,2
1802197,9
239921,7
457290,8
323465,5
26685,5
100924,0
286499,1
106834,1
206187,3
52805,5
109049,3
228333,5
1484922,7
86525,1
346156,6
1992147,8
198386,2
74251,4
428649,9
2112281,7
113314,1
92048,4
485601,7
1300563,3
238924,0
129923,1
99612,5
99188,5
110891,6
387412,3
383846,4
101627,5
70917,5
91474,2
65234,2
775425,7
141399,9
807726,8
105130,1
88170,6
433386,5
312841,0
62695,1
163978,6
75066,2
50928,9
83929,0
320244,9
219756,8
71269,0
383534,0
986233,9
110115,9
878647,8
82186,6
101751,4
116136,6
100339,7
102011,1
85244,0
93229,4
977855,9
106464,0
365478,6
61643,6
15881,8
86014,5
498329,3
36715,5
396555,7
399901,0
177746,9
90185,9
102456,1
100530,1
325258,4
1361843,9
95050,0
21004,7
76618,7
54387,6
299458,1
248912,3
91991,1
72443,9
102032,4
91083,5
65687,3
91187,4
1520841,7
82431,6
38499,1
87332,6
939681,3
1039652,8
380268,3
44863,6
844462,3
61655,5
2085957,8
360916,3
115976,5
109609,3
107665,2
100134,0
138987,9
106402,5
134912,8
445990,9
203230,0
70435,5
213338,7
940657,7
49042,4
84809,4
117544,4
114508,5
1152758,3
91934,6
1891905,7
113737,6
1825163,3
49646,5
102820,2
95652,5
107666,8
162023,1
805580,8
89607,0
94862,5
24991,9
108539,6
104706,3
86979,2
15163,4
1494772,7
216787,1
257568,6
66997,3
120762,7
79945,6
284655,2
62218,1
80516,5
109370,4
115639,1
83947,0
211938,4
37824,9
401398,7
120838,4
112572,4
152265,7
52564,6
118692,7
96211,8
172627,0
338564,2
84737,1
99726,0
35093,1
123003,0
120865,1
1389762,7
101898,1
30781,9
70047,5
472458,5
1052027,8
119314,1
286921,0
117381,2
89961,6
105378,4
83693,8
223897,0
1320239,8
66550,0
66808,4
53604,1
109369,6
424885,3
191037,2
51411,1
450843,5
878695,5
1509276,3
331632,6
1152836,9
1047007,3
240890,1
115994,2
22264,8
1278340,5
106292,4
119457,2
53244,6
1051713,7
105764,3
82362,5
91306,1
103791,1
61620,9
162711,2
104231,6
1318044,4
102674,9
73694,0
113497,6
114126,4
1359553,9
206013,7
1971397,8
156729,1
1126590,9
120616,6
85622,9
94142,2
157075,0
82307,5
44121,5
81454,6
1134674,5
89009,8
39335,2
93407,2
4340720,8
1241195,8
45966,6
42208,2
40580,7
490076,5
329355,0
118229,2
1151309,3
440846,7
68732,5
68024,8
113799,7
59496,8
1241338,4
1308667,7
1326733,3
273799,2
83580,6
82933,5
2182001,9
100449,2
116261,2
114594,2
64107,7
301181,1
117096,8
154683,5
118002,2
1179891,5
34274,4
1093369,5
39632,9
428803,3
89013,5
51852,2
824758,9
1922612,3
381104,4
76059,2
88011,6
1563725,7
103977,1
120034,1
890870,5
1235072,3
322023,4
32390,5
113613,2
198781,7
139429,8
407612,9
70820,0
243991,0
15175,6
120370,3
63036,0
71691,9
246692,4
149723,1
150433,1
127296,1
1661862,8
1552624,7
108220,0
110763,7
82334,9
109217,0
379306,4
52077,5
58886,9
76683,5
167247,7
800334,3
120533,0
441782,8
94819,6
96895,6
352524,3
67433,1
95016,8
245891,6
47795,6
844993,7
63555,9
67483,9
54152,2
297037,1
154827,1
119086,4
486572,4
114108,7
53285,7
1092053,7
1491044,9
384832,4
337721,6
111309,0
45877,2
113568,7
293069,8
350232,5
83281,3
1094295,5
322298,8
78975,6
65569,5
91541,4
40491,9
92240,5
274868,0
52738,9
3321300,8
59084,1
104029,5
57917,1
1653700,8
1157694,3
120053,6
70212,0
113173,6
97223,2
100318,8
112750,2
80836,9
99091,8
1519245,8
266075,5
40976,9
277909,7
2334879,8
65579,4
892791,7
191754,0
47437,1
101460,9
94921,1
1558877,8
1719498,3
1270835,5
110604,5
65398,5
60749,6
401383,9
870204,8
311429,6
133385,6
172348,9
1711366,7
76868,9
1613023,3
56663,0
116310,3
133152,6
66356,3
53800,9
99611,5
89798,1
1259570,8
1013753,9
1562899,8
59643,6
107623,0
83193,9
48481,4
468820,5
120741,2
158714,8
405163,4
47200,5
134948,1
92717,4
30523,3
62711,6
299117,0
39748,2
330111,4
60168,5
1848824,8
81480,1
1506448,7
359564,5
977649,3
74455,5
262246,4
94033,6
99014,1
171356,2
111546,1
200720,1
107206,8
46436,4
309530,1
408985,4
274155,4
165857,0
182295,1
221111,4
125664,9
238627,1
89370,6
208874,8
111282,6
61189,8
112483,2
61398,5
168122,9
185154,0
390221,2
192614,2
120611,5
70680,4
77904,5
414469,3
1084972,4
82755,4
119630,4
104756,0
207359,8
428446,6
83133,5
104504,3
87909,5
53085,6
356721,4
113241,5
425395,4
58007,5
113044,2
69124,5
111190,8
3115712,8
419160,5
303396,1
1690483,7
399934,5
71544,3
263101,2
70030,6
90837,5
68835,4
90151,2
113464,0
82443,3
120804,5
436058,4
83113,6
90670,2
120747,1
119710,8
825245,7
443680,9
217630,1
79489,5
257106,4
163185,0
110395,2
187712,0
116418,0
62474,3
365135,3
109909,3
108656,2
51406,1
110391,1
1620449,7
53125,6
342172,3
110867,0
33868,4
70634,5
2162709,7
1017460,5
106446,7
2352230,8
113762,5
1100089,9
69095,6
99528,5
1770734,8
115033,2
117398,0
318850,6
110400,0
90248,7
77977,9
2048804,7
39192,0
113658,0
451021,3
21884,5
369359,4
70460,1
912590,3
66434,2
380275,3
339827,0
60200,2
175777,1
84556,2
1151309,3
103207,4
298238,9
1710542,3
112389,7
245803,4
188453,2
109287,2
1808454,7
212380,1
61385,1
1210166,9
58715,9
437857,5
317648,6
87015,5
312329,9
29440,6
2649522,8
363475,0
213802,5
1229360,3
124901,4
32904,1
200530,0
867418,7
114597,3
356614,4
90555,6
1211353,8
285280,0
58324,1
1273678,4
94331,0
1369567,4
62228,4
193164,7
1623288,7
851430,9
89283,2
68455,8
410407,3
98136,5
23042,2
33432,9
57129,5
356150,4
111003,5
120179,6
1547035,9
68916,4
377062,6
115683,4
2446040,7
102004,4
110480,3
228786,2
266465,2
66449,1
117571,5
808417,7
120686,0
1731767,7
419706,6
85354,2
422528,3
32413,9
235872,4
107225,4
1811307,9
1753821,8
2423504,7
405325,6
444608,3
87089,2
53143,1
108162,8
103959,5
31647,1
416716,3
924165,3
1050160,4
800069,5
99143,5
78966,8
2450440,9
42451,1
328589,1
40366,2
82329,1
51365,0
3784222,8
79820,7
28167,9
1097256,3
391225,3
118785,8
85603,4
94288,4
246989,4
1031280,5
330802,2
118566,1
88889,5
125971,1
122690,6
119291,4
69920,5
1020543,4
286751,5
112744,8
91557,6
2070862,8
88847,0
912583,3
50468,9
32520,5
122768,8
278597,4
54130,0
439630,4
73115,0
374639,6
92746,6
83789,9
101524,6
366780,6
165196,9
1596363,9
1821700,8
69528,9
93771,2
365737,8
80707,2
38026,9
391024,3
26138,5
95871,5
207275,6
113017,8
338763,6
309593,5
54377,9
120088,8
1695405,8
90213,0
94761,5
68931,2
79020,3
69341,5
51454,9
226225,1
211915,1
1702433,7
1129428,5
98072,8
97694,0
113492,2
305711,1
360009,2
326036,8
427309,9
60782,6
346091,3
106438,9
93990,5
55884,6
89421,6
250282,4
1086340,3
1407939,9
119375,2
117991,1
107611,1
183288,7
76941,1
116313,4
14538,4
57181,5
387301,7
75950,8
338290,0
87789,0
65889,2
365109,3
104691,6
1596346,9
79638,0
99121,3
329111,1
106315,1
98068,5
2668134,7
1969991,8
187512,1
109279,6
99292,8
107045,4
186975,1
313443,2
44744,0
314353,8
238066,3
109723,5
82945,2
80549,9
105267,6
69058,7
303243,1
1742683,9
82910,5
113326,4
96466,4
23458,6
315983,0
1572168,8
213203,7
2952634,9
1260567,5
1101048,5
160862,1
1056437,7
27521,5
108333,6
296658,0
50212,6
447854,7
106873,2
49414,2
85891,1
304931,7
1675167,3
1327726,3
1402488,7
402906,3
51850,7
346491,6
363589,2
80603,6
103893,4
120347,6
246628,1
84354,0
56415,5
83169,0
66601,0
107314,3
143261,1
1020072,9
99762,9
113276,2
396688,8
120201,6
119360,1
35015,1
46731,9
970472,7
210567,4
97109,2
118843,2
100842,1
329094,3
854678,3
90350,2
373389,3
118894,1
70819,1
297884,1
411674,3
120177,5
79639,4
117589,0
398286,7
444628,4
338077,6
120669,6
100232,6
1430110,8
79082,5
257001,7
304126,0
72271,5
116928,1
116295,1
1528312,8
70379,2
88930,2
86978,5
1586752,9
419704,7
2012011,8
122541,1
142201,2
193253,7
38303,9
446752,4
246592,1
120907,5
62374,3
99951,9
1098199,7
363143,5
238414,7
104030,0
281865,4
284034,8
54198,1
1587707,3
95178,0
1139797,5
51372,3
96446,6
423505,4
1032854,3
63005,4
200469,5
77869,7
3214310,9
102915,4
61695,6
189071,7
889671,3
56943,5
1696192,7
55336,8
81617,5
181733,3
141974,0
85382,5
47422,6
783518,8
462333,3
144969,3
369903,7
69318,8
101764,2
1764183,8
165086,0
110169,4
110265,2
354690,7
113429,7
111323,6
293116,1
82402,2
92666,1
115744,1
2358913,7
73864,8
110478,6
105885,1
106452,5
909388,9
159273,8
50763,6
139362,1
234805,1
113840,3
120238,0
81499,6
368794,9
471711,7
84869,8
2980592,8
75783,6
257756,2
441758,3
120521,0
120531,1
79103,9
68424,5
74608,2
1397265,9
118818,0
365748,5
372303,8
44380,6
103783,7
168172,4
451079,7
796368,9
82351,1
912592,3
96184,4
286179,1
1530983,8
1537314,7
890883,8
2318440,7
211443,5
32283,1
239894,3
74279,4
35211,9
62512,6
426592,4
52549,5
109936,4
418819,5
49830,4
370263,5
108174,1
280490,4
107861,9
105483,2
72424,7
47811,1
453383,5
91159,0
1640680,3
113774,0
114906,0
1097636,7
160429,7
1285016,9
1422757,3
64615,6
2614860,9
231627,7
83798,2
82198,6
905979,3
303933,1
62861,4
970184,3
93409,2
67658,9
1235404,8
117883,5
1125929,9
819714,9
252076,1
85894,1
356176,6
51418,5
1002535,3
96804,0
266010,7
246786,7
377818,6
77756,5
90305,1
104839,6
57611,0
412798,5
93066,7
103882,3
41094,7
120786,8
124770,7
478338,3
302596,7
89885,5
58481,3
62759,6
107027,6
113305,2
1278469,9
14532,9
284929,9
104507,1
210358,1
1127205,9
1527052,9
1316616,9
117666,0
82172,0
56687,5
358590,1
119718,6
67309,2
120317,4
34780,4
94675,2
95989,5
1058058,3
67148,7
2132485,9
1282045,5
97239,0
279077,7
64030,9
257044,2
299854,2
1231580,7
408961,4
109751,0
57581,1
93818,4
1205503,9
57372,1
281924,0
165662,5
5960,9
118966,2
115433,6
57007,6
882977,8
30448,7
110712,0
79429,1
52320,5
85461,0
96438,7
207998,3
57912,7
393635,5
1311071,9
112546,1
92576,5
925248,3
425236,8
985058,7
115487,4
424338,4
107982,8
251160,2
2150332,9
278435,2
56095,6
106792,5
77402,5
118025,5
195234,2
1359554,8
1417592,3
114151,8
864835,7
323633,1
114682,0
212720,6
476995,4
120586,2
2191400,9
68767,1
116421,4
97328,2
810784,9
295238,1
264472,8
49092,6
117002,5
3569230,9
120899,9
166973,7
118744,8
79470,4
1086798,7
53459,5
247199,0
96754,6
290212,1
15532,7
96487,2
233418,8
396042,7
2292959,8
1000764,3
3447364,8
105839,6
233841,1
110146,1
75925,6
139151,4
494199,5
72976,1
455407,5
63800,4
79510,1
428251,5
2403419,8
191915,8
65724,0
72848,8
208911,0
17162,3
76221,6
386820,7
31088,6
442933,7
1401113,7
162236,0
99266,6
113986,1
84237,7
285727,0
1185266,5
220726,0
365376,5
452039,7
265343,1
109206,9
457496,3
98678,1
433405,8
162958,8
962711,5
74442,4
112364,0
115750,9
90130,6
206926,1
101748,1
188640,6
1069229,9
1384927,7
399877,3
119908,8
2403558,8
98502,4
250440,7
109498,8
138563,3
2297906,8
2574576,8
116324,4
373416,4
83908,2
99242,9
82199,6
102316,0
102303,4
56632,6
244244,2
307197,2
181836,4
108000,1
347618,7
161023,4
64276,6
1440770,3
208196,1
328538,0
160403,4
84920,8
493402,8
120271,1
50356,6
1621046,9
70334,2
243232,1
30202,9
265101,1
96969,9
108633,2
1831829,9
113360,8
3005242,9
188404,7
252963,5
119698,7
78227,1
189998,5
53351,6
30522,3
107978,2
99763,9
115964,0
241025,0
1139618,3
84707,1
88224,4
488508,3
480011,8
1295085,9
102744,6
91149,7
142247,7
902272,7
46438,0
76245,0
1529252,8
89886,1
118125,0
115819,9
106233,6
120095,2
1671582,8
118414,6
84749,6
80391,6
80850,5
109339,3
92646,4
1233571,8
1131734,5
1424062,3
112757,0
150216,0
61420,8
4084744,9
115005,0
219822,0
465326,9
245046,1
1979269,9
16630,4
86590,7
35417,1
197273,7
115610,5
49833,6
424509,3
1333657,3
62952,0
49949,2
969647,7
57012,4
90665,4
89652,6
486051,5
117357,1
84157,6
2558318,8
97561,8
119448,2
381707,2
316465,9
56048,9
1032207,3
82815,5
105046,0
59418,6
1339302,7
762117,3
346293,9
60295,8
314786,4
118583,5
62467,5
78935,6
1210801,8
55892,0
462329,8
49301,6
280523,1
1192628,7
93828,4
214728,8
1007950,4
257360,0
112681,9
86617,1
4008,7
875609,7
180207,8
99634,0
303356,3
112286,6
109676,6
118912,5
77588,5
120724,4
94878,0
457275,5
360130,8
254199,4
181618,0
1646212,8
96764,6
101522,7
74958,0
463854,5
140888,0
385842,8
104783,0
1196112,3
93854,5
1979388,7
1283887,8
110357,7
68924,3
111419,7
1003052,8
69005,5
60860,9
201290,4
401997,9
48696,5
309987,1
330801,7
71772,1
444845,7
49710,6
427998,4
208261,3
87425,1
364930,3
114089,1
97474,5
102070,6
1024215,7
119141,1
455499,7
55601,0
241760,4
97717,4
1198153,8
110091,1
295427,6
244709,1
338467,9
342520,4
322802,3
78445,8
58694,5
33021,6
298130,5
60176,2
790706,3
1092633,4
84750,6
424176,8
91680,1
1236247,3
117450,9
275309,3
60397,6
1919090,8
260193,4
118632,0
104549,2
57128,5
177068,2
70291,2
99399,6
30643,2
118715,2
72353,0
120706,9
337868,3
97123,2
869152,5
1166827,3
178988,4
120539,3
73131,8
758730,5
461970,8
101991,0
116731,8
67324,3
52607,4
23629,8
214311,7
45049,9
77269,8
104073,2
1241707,3
106479,8
59471,7
77594,2
470764,3
117050,1
879801,5
99939,2
119942,0
30637,1
209174,8
91724,8
1082863,8
47086,6
46912,2
100680,1
119692,4
47834,7
119280,9
98224,4
87921,0
87065,6
71464,0
105414,8
118571,6
1398940,7
307109,5
255067,2
469754,4
54326,0
271946,4
89256,0
160513,0
4189260,7
63056,6
1839494,7
71338,0
72951,6
92173,1
795351,5
448694,7
1590013,9
1027658,4
107501,0
1606378,8
36348,2
110538,0
144286,2
131349,8
1097239,3
116827,8
28201,4
91613,1
70694,5
25316,1
94979,6
1277953,7
311072,0
80464,5
493450,9
14624,1
1937449,8
39645,2
299658,2
306685,2
409182,6
328031,2
113243,2
2334649,9
33289,9
102368,1
99253,5
65462,6
96769,5
1249171,3
48641,1
85616,9
64045,6
255819,2
54215,5
293624,4
365020,0
112130,1
54389,2
398872,7
390521,3
87262,5
476681,4
116953,2
91869,9
379240,4
76674,9
42539,6
275408,3
60522,2
145734,1
804555,5
892769,7
1157620,3
3203606,9
104753,9
98206,8
216689,1
93743,7
120323,0
144589,9
90570,9
168515,3
93029,2
120188,6
118539,6
118230,1
35317,6
79368,9
115798,8
119033,1
1235926,7
243558,7
84434,1
65446,1
429589,7
3540136,8
110557,6
100814,5
94238,7
113541,6
50500,8
1675758,5
258967,2
3230608,8
164114,1
1228933,5
108435,0
453556,7
276501,0
120894,2
804522,8
150814,7
184858,6
164756,1
77362,1
84898,0
960890,5
327409,6
427309,9
92972,5
107211,1
450336,5
21890,4
183997,3
192023,8
77372,6
161860,9
96018,2
308208,2
1204298,3
276276,1
90015,3
62395,0
311648,0
97100,9
159373,0
972542,7
107057,2
105428,5
446719,5
313737,1
78718,2
118163,9
102802,7
89880,6
332375,0
430457,8
61589,3
144640,1
86927,4
350194,7
27300,6
107157,9
77376,8
1741542,8
97388,6
280674,4
93185,2
87629,8
2806908,9
119336,0
414510,8
1202339,3
62136,4
1226753,8
893382,3
66049,6
41859,2
305206,9
81060,0
45808,4
45094,6
91024,8
178031,4
82736,0
324038,8
112857,2
246544,6
99750,2
99180,5
103112,8
2224026,7
366551,6
1792061,3
114618,0
89984,7
54135,2
119843,1
120190,1
106185,0
2404370,9
379473,3
99949,9
1042877,9
822858,5
104952,2
103873,5
218625,5
97670,2
99423,8
118826,0
38913,0
475302,9
114669,3
121297,4
247427,8
175142,4
309377,2
104928,0
114500,3
373175,3
95294,5
17668,3
85127,4
432637,6
114781,8
70506,0
115693,6
92637,0
66193,4
85542,7
1153037,3
117500,6
116882,2
111256,1
414055,9
99558,6
1134828,8
76845,8
834938,8
99731,1
61113,8
772193,6
71562,2
98724,0
87231,9
390245,9
70653,8
902290,5
255653,1
66830,8
120594,2
290332,4
113416,1
1647483,8
109297,2
268978,9
102749,2
271383,6
251031,8
64073,9
102460,2
107282,0
32881,1
1616195,9
53994,6
251110,1
1949583,8
337917,6
79574,6
159784,9
95403,4
454932,8
298845,0
295362,2
179218,3
183505,4
227194,4
145394,3
63665,3
118018,1
75790,6
314725,3
99601,5
475998,7
29604,0
113820,6
51876,6
199725,1
272022,3
61801,0
293815,0
89124,8
110729,2
63571,8
305224,4
54847,6
475998,7
78588,3
4191054,7
1352717,3
101688,8
247444,1
120684,9
202641,1
120735,2
221069,5
50681,9
110939,2
62376,0
360845,0
73282,4
1205071,8
83726,0
109578,2
67805,0
329737,6
58150,6
80057,5
1217209,7
209189,0
246404,8
30418,9
285487,8
120108,1
91943,3
100442,2
82694,6
73099,7
104427,9
97534,5
71598,6
51605,8
103251,1
492499,3
268397,7
98385,5
288439,2
119229,4
443723,3
1425928,4
476872,9
204640,1
60640,6
104454,1
353393,7
1266027,8
289408,7
104466,1
113347,1
990407,4
87032,4
55798,9
138279,4
1758595,9
75807,6
93966,2
1462900,9
956101,3
412535,4
36969,1
91544,5
61523,1
64429,3
91313,8
38969,7
82010,5
76759,6
2114058,7
17423,0
995851,8
96244,2
81187,6
67588,8
41890,7
1709122,8
56868,1
65547,9
45886,9
20442,4
340468,3
257019,0
56172,6
884224,4
118756,6
119574,0
387914,8
104027,2
71361,7
141907,1
88771,6
76729,4
19254,9
62751,8
119988,2
444626,9
78766,4
145653,0
93286,5
39251,7
124185,0
77157,3
85859,0
283426,7
95897,2
829098,9
208185,7
116920,0
804507,5
100469,5
1166113,4
117438,2
86981,5
98347,0
1841487,3
419724,7
120327,6
120646,0
286058,0
1183665,8
104009,7
69704,0
830968,3
1403846,8
1344784,3
113443,0
171764,4
19823,9
1526300,7
14358,4
361596,3
816545,4
58724,0
1518821,3
338075,6
131972,4
2337576,7
367555,3
83296,5
77350,4
86320,5
318155,7
51980,0
4707,4
157007,8
1038913,3
107151,1
156096,0
63654,0
97570,1
238064,9
281534,3
1260502,7
1320244,5
89488,7
110907,0
84412,4
387808,6
298814,6
819354,3
95515,3
120659,9
94641,4
87980,1
847880,8
1489246,4
1135525,4
97676,4
110216,1
979263,3
26073,9
99810,6
79668,2
134119,2
67445,0
78128,4
82696,5
14900,4
98219,9
106697,2
109136,8
87635,4
213968,5
57997,2
101393,2
290747,6
975645,9
355295,6
117550,4
48973,0
78259,5
1064801,5
349889,6
112384,6
1777608,7
116728,7
153866,4
53849,9
106339,9
1054588,9
55946,4
119272,2
50985,4
83944,6
139468,3
1362045,9
30993,1
301429,4
133643,0
1374985,7
237572,2
119465,4
351382,7
95174,2
68361,4
2077908,7
98188,2
1015971,3
2391009,7
184526,4
270933,6
1148204,5
109890,6
870112,3
120338,1
1504300,3
1537759,7
1540814,3
84649,7
378407,3
1361349,9
97500,2
47956,9
72362,1
368913,0
295004,0
117131,8
86190,6
54469,1
389722,5
416508,9
118845,1
87751,1
60862,6
31981,9
881233,9
922522,3
83170,6
1397498,9
119978,2
362120,4
112760,6
250478,1
1149400,3
52893,1
80756,0
2382090,8
110308,2
204946,1
116992,3
115783,4
81445,6
939681,3
107642,1
18528,5
72869,5
374277,4
84628,3
1308729,8
95333,8
116976,8
1410051,8
91400,6
339579,6
107376,3
52896,4
1164092,3
380615,3
76504,6
479113,7
106393,2
269743,4
114697,4
912593,3
104695,1
23236,5
116592,1
94642,5
86182,9
130192,8
1572150,3
74962,8
874952,7
64002,0
455538,9
292501,1
74258,5
1777551,3
466771,4
34521,8
96320,2
44480,9
303816,5
1821641,7
78239,6
279113,1
53946,9
91310,0
105629,6
1569923,7
1929308,8
89222,4
94608,0
1334479,3
77452,4
282771,0
361925,1
181875,6
119413,4
2197863,7
51911,1
18192,9
220100,1
36098,6
60107,9
250797,8
1492842,8
1461418,7
116344,4
109644,4
22958,1
99005,4
119558,1
373024,0
60424,1
76100,4
114210,1
108330,9
95560,6
119586,9
349825,9
72206,0
83449,4
106246,6
78259,5
106685,0
491046,9
449088,6
114305,2
118541,2
52933,4
1592292,8
278500,1
96257,3
1702429,9
96409,9
104503,0
86855,7
109842,2
392878,4
139414,4
105291,9
367085,4
54067,5
172726,8
61075,2
111701,6
44829,2
55895,0
81027,5
963208,3
758743,3
29146,9
20475,0
997147,4
238948,4
91369,6
1334102,8
475298,5
96639,6
430431,9
114176,3
864761,9
107630,0
1675192,8
1185600,3
291832,4
1259014,9
265349,5
287670,7
94631,2
337579,0
44420,1
40522,0
881200,9
100944,6
150230,3
76070,2
91480,0
259442,2
462485,5
110186,2
97737,6
1703049,7
323443,4
3183630,7
368794,9
451954,4
311519,1
108630,6
317676,6
2719094,9
70300,5
287934,0
424434,0
83090,0
49170,9
105488,1
212346,4
138524,2
365215,3
116240,1
90774,4
120683,2
16654,6
159696,4
77504,0
64787,8
83922,0
103634,3
90667,7
258000,2
50168,4
66195,4
481273,4
429573,5
388139,9
187738,5
71524,1
85518,3
827737,7
114614,4
118301,4
80934,6
34890,0
57643,4
120877,5
221581,5
2194826,8
73233,0
118996,2
102701,8
3722070,9
362387,5
155776,2
103596,4
88178,3
1465478,8
787474,7
347473,4
90180,2
31505,6
81846,3
114322,1
1286537,3
431077,8
102926,2
105265,0
61613,0
96087,2
95145,2
117359,0
467200,9
88213,1
245429,7
119891,5
120373,1
138874,0
297994,7
279778,0
2483260,7
73091,9
110546,8
236027,4
58456,4
83888,0
92112,5
459605,8
107727,3
331933,4
318413,3
1319726,3
65836,0
73498,4
175739,0
303307,3
114852,5
120112,1
117293,3
92067,7
91055,6
251141,0
220623,8
101984,0
379593,3
399102,6
282864,3
1300159,5
1641385,8
318181,8
892074,5
902272,7
250258,8
95613,0
82782,5
120584,6
96241,0
54020,5
76740,6
2361846,7
397892,7
94947,1
291032,9
74462,9
346578,7
115495,2
373074,4
109508,3
105946,6
80966,9
804558,3
61512,2
808331,5
91688,8
45028,7
77295,4
64639,6
40416,0
2403981,8
58453,1
342275,3
55630,8
100403,5
113211,4
116167,1
84589,9
323298,1
31334,6
89504,4
1146298,3
1470023,4
90095,8
81590,4
81695,4
406759,5
114651,2
442933,7
117768,6
32339,4
71363,8
75005,5
267657,7
56961,5
348836,5
253335,6
293452,1
168786,9
1125254,7
109731,2
1568921,7
454990,3
1087842,5
106266,2
94747,9
104233,8
71096,9
93840,5
286218,9
105415,1
366548,7
57569,5
3321254,7
1104814,8
327036,3
86250,2
1473345,7
489037,3
33530,5
37549,5
498121,7
118691,1
66423,4
796314,4
376105,6
1054485,7
165832,6
59183,6
106770,9
490117,3
156031,7
884726,7
1500516,3
33874,1
108059,2
208993,9
67328,0
29870,2
1206082,5
99334,9
1366365,8
95889,5
60097,5
67382,8
50534,7
57345,0
102059,4
118636,2
94347,1
66016,4
363282,2
85159,5
2066832,7
119196,8
1546653,3
91993,6
107554,2
90583,1
1700845,9
107286,2
455590,9
489707,3
63522,5
1519402,3
492754,5
292644,1
210217,9
1753597,8
298744,9
367790,9
105150,1
74777,1
43469,0
71782,9
64115,9
119845,0
92767,8
95916,0
230591,3
99250,2
166175,0
92632,2
288441,7
308644,9
2976920,9
79240,6
120414,8
489247,3
383574,6
165498,8
275410,5
466664,9
492466,3
89793,7
379296,3
3148834,7
67314,0
113002,8
91495,8
841119,3
106677,4
65241,0
107779,0
76734,1
212830,5
45125,6
110518,4
104495,8
139462,1
44953,8
462441,3
294431,3
81698,4
385004,6
860907,7
42609,9
85234,8
306434,8
55047,9
266391,1
85276,1
254334,8
324619,0
4324274,7
48728,2
440846,7
84704,6
89155,2
1208647,8
95177,8
18770,5
66156,8
120598,6
35160,2
169145,0
249478,2
1320254,3
273822,9
109655,1
77234,2
82648,6
64555,6
43255,5
46911,2
86465,4
1957945,7
52234,9
40897,6
365960,0
844671,4
38873,1
20594,3
848592,8
358631,3
406759,5
1708135,9
158811,6
318374,2
51887,9
934706,7
116441,9
195909,3
83089,1
799949,6
82094,5
101969,2
1587854,3
974959,4
120861,1
97236,1
79718,4
307453,7
110629,4
98384,1
144178,1
91875,4
119115,4
2940280,8
58379,6
118866,0
103190,9
75651,5
1948209,9
2137359,8
246677,2
780521,7
1237900,3
446298,8
259974,7
107953,5
38032,6
88050,4
110638,0
120757,2
106936,4
332280,1
175526,5
110455,0
87075,5
432402,9
39694,2
427531,7
1149361,4
47944,0
815245,5
241527,6
82949,2
66817,7
1020990,7
311941,0
82138,4
209475,1
47849,2
85211,4
55019,0
116768,4
123114,5
362538,8
435776,3
213847,1
1127221,8
73880,9
2109141,8
51818,2
28141,9
10418,6
113280,1
23563,2
52905,5
107953,5
33804,1
316188,1
98153,4
401088,9
1632481,7
249555,3
1121794,7
286306,5
1850418,9
241303,1
61209,1
123950,7
224578,0
2078523,7
384810,0
83717,0
3919322,7
79579,1
395585,5
107478,4
99316,4
77651,5
34841,7
1268204,3
93940,0
98258,1
1272051,7
106582,6
117061,8
367479,4
292610,2
293113,5
99197,8
398839,4
439815,5
283422,0
88919,3
256259,0
329162,8
84723,0
163988,8
1684226,9
1253565,3
310924,4
109830,1
245686,6
243155,1
2082410,8
465602,4
84298,5
102900,2
176426,0
128370,0
366292,5
250934,9
377109,5
93488,7
49038,1
104522,6
389988,0
1433915,7
283431,9
88275,3
319061,6
94744,6
252866,4
66153,3
119975,5
111038,3
36261,5
1781069,3
63185,0
992993,9
115676,8
46365,3
119506,0
113228,1
79588,6
1561435,3
416938,7
94731,8
32484,1
213536,7
118762,0
286152,4
116581,0
69994,5
68837,5
165798,2
69747,4
368314,3
104437,6
337930,4
120028,3
473389,9
61089,1
105121,5
361862,8
80629,7
936471,5
379765,8
82096,6
130414,6
407621,5
68687,1
203019,9
376994,6
108281,4
443272,9
374330,6
352248,9
47478,6
94713,5
119937,9
93044,8
91445,1
112545,7
160127,6
378244,3
104237,1
109066,0
190861,9
114709,7
95788,3
90098,4
1666186,4
443496,8
805185,5
133412,2
116485,4
113947,0
250067,1
118001,1
422720,9
113490,0
111161,2
301777,1
93832,7
780660,7
100624,3
400420,6
112625,5
38343,5
169333,2
119324,0
91129,6
119329,5
56600,5
88334,7
70346,9
82418,5
66565,6
265930,1
80801,4
143344,0
98528,1
303830,0
830968,3
108227,1
109758,2
482599,5
92638,6
66921,2
192766,4
35272,2
106678,1
120318,1
1537481,7
280105,3
425414,8
64203,4
94964,5
374102,6
3083008,9
82005,2
93776,9
390123,3
430745,3
80031,2
1270101,9
470765,4
97372,3
308508,3
92699,1
55370,0
1645155,8
1797363,3
343095,0
116684,1
799934,4
1756754,4
58003,0
304711,5
122933,2
1582248,9
3469592,9
27438,6
120357,1
39376,7
71517,2
89457,6
426627,9
371552,7
892899,5
77838,3
1850374,7
347246,7
91653,1
74670,8
94980,3
1144884,5
105651,8
403910,3
1398426,9
1680114,9
91374,9
97368,5
113851,1
173716,2
1294790,3
63819,7
245844,6
83907,5
62407,4
304636,9
455960,5
239507,0
103827,4
27286,1
470732,9
99385,2
101254,3
1023500,5
1233576,8
22454,5
111205,8
218182,4
32412,6
1002540,3
112691,7
422401,5
179477,8
115834,5
63991,9
95827,0
45333,9
120800,7
1323605,5
454457,5
235327,3
301893,2
120915,6
104291,1
993842,8
926129,5
52216,2
426114,8
293007,2
164181,5
113147,3
67927,2
68637,4
2309224,8
142240,7
80453,6
1609145,3
66412,5
82971,6
59122,7
26126,4
46054,6
289043,5
104265,8
478160,3
372806,3
841084,3
90315,7
91575,2
469903,9
110722,8
129758,3
2072263,8
466214,5
1152822,3
2663812,9
446510,3
92537,1
114308,7
100332,3
1951218,8
365830,6
173714,9
170544,6
107818,0
98261,4
138487,1
85496,0
90887,4
94155,0
214605,0
70290,0
87144,8
82377,5
86203,7
231402,6
24055,5
884328,5
99819,2
892782,7
65720,8
248667,9
363235,0
1709652,7
57063,6
127722,2
428212,5
192255,6
60666,5
20827,1
1029172,3
426592,4
352332,0
245280,3
778784,4
70903,1
26656,1
49452,1
85154,1
107076,8
122494,7
83022,3
104797,9
285869,1
250687,6
89167,4
119832,1
183306,9
109903,8
3025994,7
913958,3
1033467,3
52918,0
133240,7
288477,5
114681,2
115509,7
88693,6
355702,9
105660,0
816562,7
1715210,7
104743,8
118783,0
993841,5
1411232,5
1038045,9
27698,9
101998,0
49233,1
82497,5
1091617,3
48977,2
301235,3
352520,9
144964,6
30287,1
1391092,3
246460,6
110588,9
96166,4
111742,5
422272,8
43044,9
490196,4
75323,3
181810,3
1426328,9
51525,2
493430,3
64064,7
105201,4
270288,9
299172,7
417871,9
188996,3
44958,7
88083,6
77405,1
1230380,8
339071,1
114798,0
94667,8
95179,5
365125,4
2468826,8
17048,5
111333,7
313254,7
78480,7
116479,3
100594,6
387564,5
291392,4
34492,7
64363,4
119365,2
85656,9
354766,2
810823,5
109444,2
210727,0
92710,2
83739,2
93177,5
118727,8
98520,1
281358,1
183056,1
55200,5
109306,1
60304,0
66206,9
1185376,8
95742,5
79596,9
82288,6
259134,7
339230,4
462023,9
82398,6
892425,3
119054,1
252299,2
35140,1
816556,5
366450,6
26056,1
103678,5
120873,2
81748,9
86993,6
91203,6
78077,5
72410,7
84565,0
104053,5
97334,6
2197823,7
119248,1
231956,4
1678051,8
26174,6
2689958,8
1124377,9
1333667,3
13257,3
171725,7
268200,2
76725,8
289668,0
102631,0
1413495,8
85995,6
106671,8
74718,0
899128,5
80931,5
120374,2
21739,0
127354,0
105103,4
98105,2
21165,2
183718,9
112679,1
1598778,8
88024,2
2371399,7
418016,8
107061,7
2027064,9
111507,1
98251,1
190590,6
64665,0
120197,0
1639075,8
54805,6
1336011,3
1031225,3
94889,1
66832,0
67023,8
115438,2
119887,4
44000,0
386140,6
283288,1
143614,1
305973,2
116607,8
117076,0
2297063,8
465925,7
446013,6
280477,2
118042,3
166276,7
493247,7
118661,6
8395,9
363226,4
2631072,8
65976,3
870111,9
85764,4
110631,5
82948,4
1361558,3
73636,6
1029440,7
1075113,5
107798,2
97099,3
118787,6
411475,8
114069,8
1302011,7
896866,3
101625,2
2084970,9
1720114,9
98481,7
16230,1
25272,9
144142,0
808245,3
304820,3
300556,6
252993,7
290334,6
54167,5
97758,6
67549,0
174856,9
120776,0
495596,7
89604,8
68379,9
24368,5
383353,5
211286,0
195778,1
93091,5
2401715,9
122151,2
142234,7
1270262,9
67500,5
158033,9
1094594,3
13372,0
29606,0
208990,0
351283,7
808506,7
1037033,3
87755,6
310793,3
31507,9
2214913,8
334405,3
54331,6
98577,5
72796,9
328952,3
110649,0
195855,0
83230,3
73195,6
88939,0
32209,6
82200,1
969268,8
77660,4
1699745,8
800332,7
1352388,4
3471320,7
103285,6
93072,6
433116,4
1658801,9
310154,0
48347,1
275773,4
127288,2
1576440,8
443527,5
355315,7
85780,5
120324,2
106469,2
114952,6
343135,1
276515,3
959282,3
117724,2
1114277,3
86034,6
112040,5
363510,3
463027,8
268690,0
112556,4
120793,1
82209,7
91278,8
52948,6
100212,2
1821658,7
1010278,9
154420,0
93677,5
431197,8
334541,4
35798,4
119665,0
411377,9
38661,9
119773,0
77132,5
285531,5
49934,1
1247184,7
240510,6
119040,3
190138,2
101516,9
119746,1
72962,3
92675,9
130827,2
84764,7
265208,1
308772,0
112913,2
114666,2
102370,3
250371,6
315543,1
89160,0
3169706,9
101452,6
78915,7
874423,3
321750,7
926110,8
92042,6
107207,9
118798,1
72226,2
66819,8
103069,0
1704619,3
119217,0
2375255,9
76590,5
78256,8
49211,9
104139,5
102829,0
107688,7
1111833,3
142232,7
49531,3
1199494,4
451070,3
295480,9
245407,1
1020938,3
94924,0
108311,8
209368,1
212879,4
69097,1
82436,2
4168188,7
60277,0
59440,5
2196430,9
117473,8
97166,2
118694,1
120619,8
1266029,9
47542,2
139898,2
104431,6
357182,8
138493,1
94678,1
109729,3
103850,0
144546,1
280424,1
327056,2
89153,6
118556,1
58557,2
370244,6
96933,2
153997,7
431213,6
88000,4
116102,1
25586,1
118708,4
460766,3
186045,2
96142,5
117773,0
73000,7
120491,6
1294138,7
54698,1
1232783,5
74802,2
97240,2
101500,4
99581,6
1853563,3
81746,3
61811,2
1097013,4
120633,0
96324,1
93483,8
1189345,3
112461,9
77687,7
36775,2
298126,0
54169,4
1118665,7
3455826,8
297162,2
64180,0
945571,7
50197,5
101414,7
1339161,9
370754,7
159365,6
64106,2
1979320,9
42041,2
164810,1
2224004,8
43859,8
33891,1
1216491,9
421054,9
83587,4
118742,1
112534,8
3416744,9
89994,6
1821384,8
1506999,8
114436,0
1446695,8
1329457,9
93605,2
107289,7
114728,3
71688,2
31398,6
220331,1
82766,9
835046,3
54745,3
3186318,8
330136,1
396190,8
92963,3
67907,8
90094,5
48729,9
1166827,3
60491,0
97493,4
97289,6
92561,3
433028,8
11833,8
105438,3
132347,4
166158,0
113031,4
112637,9
1067578,9
1674775,8
824747,9
196229,4
17376,3
420238,7
99312,8
365763,8
44517,6
1562450,3
450188,9
89507,3
498353,5
201899,0
367652,4
36506,0
26205,6
76257,4
309326,3
427152,4
104905,6
96874,6
193741,9
1535432,8
32842,8
279967,7
51003,6
92610,5
4590930,9
1539086,3
325703,6
79763,3
78252,4
128445,0
109783,1
863037,3
115531,4
1235189,4
32910,7
81417,8
118928,6
135037,7
104697,0
104036,2
1587157,7
40076,6
45546,6
36630,3
82146,1
815181,3
182766,3
2061712,8
101316,9
122529,0
70760,3
55728,8
161083,2
390336,3
107523,0
48317,9
226648,3
80436,4
114147,3
74923,0
92904,0
448909,4
2576852,7
243255,0
1137439,3
197521,5
78492,6
214388,1
59573,1
119792,0
110057,3
112951,1
98090,5
33980,9
119517,1
88256,8
87359,0
110693,2
97814,7
57490,1
86372,9
83891,8
454841,5
462538,7
137494,2
1630061,8
463998,9
1511400,3
1193627,7
410332,5
1156470,9
1629242,8
1049400,3
39404,7
39698,9
1533085,8
73817,6
57393,9
112602,6
59255,2
68537,3
109402,6
82353,2
180748,4
57093,7
292542,0
2097298,9
95348,4
74781,9
770806,8
93567,4
184424,3
54353,6
829098,9
98663,6
60550,7
408236,5
385700,7
82081,0
191043,6
384819,6
234354,2
230783,0
351887,4
1149405,3
55471,1
31448,5
1517252,3
119951,9
120329,8
2859246,7
88322,0
60490,2
282674,6
2077772,8
59575,0
36613,2
76111,9
1313104,3
278723,8
55832,4
183649,2
284714,7
114117,0
997152,8
103957,5
197384,8
4007502,7
149691,0
371606,7
112288,5
363547,5
1655420,9
59592,2
1745958,8
84897,9
100112,1
58124,4
22718,4
1244754,9
68990,6
330229,1
375568,7
458522,9
114887,1
168740,1
296166,0
274428,1
90655,5
317887,9
105729,0
37614,0
489270,5
84778,4
119994,2
73076,3
114857,2
109340,0
39776,6
181912,0
86425,0
91069,6
246498,2
85750,6
1748051,8
50086,8
87690,6
82122,2
81383,5
413845,3
22696,4
109376,4
1440266,3
378906,6
37323,9
318068,3
51923,7
961066,9
97027,2
1194417,9
439533,7
1482967,7
40550,6
478329,9
109021,9
114084,0
97478,1
54144,0
119527,2
296042,4
98320,5
99674,2
95341,3
1305591,7
469146,7
102713,1
84756,8
76574,0
113533,6
107212,1
196708,8
101746,0
1261862,8
94027,0
462721,8
439511,3
90103,1
1227378,3
104812,6
160835,4
69976,9
120390,8
156807,4
151582,2
50539,5
113637,9
389790,7
255321,0
93913,1
378378,3
101455,6
145046,3
66289,4
118964,0
203119,2
87233,1
1384590,7
117107,2
108101,9
249110,9
218505,9
86312,9
38166,7
2614684,8
1198408,4
843358,7
53462,0
113725,0
45471,9
4067076,9
157503,1
57546,7
35422,7
1385867,4
1179773,7
117468,2
282593,1
120434,4
117913,2
119313,1
480669,5
33045,1
86129,4
2707792,9
784972,4
119717,1
87464,5
878804,9
1254249,8
53841,1
1232207,3
87222,8
2032557,8
194314,0
109906,2
109440,4
159421,6
274711,2
91060,4
983242,7
791268,3
105151,2
345032,0
63050,0
330602,1
68341,2
1186238,3
94293,2
44566,4
472219,7
312004,7
25748,6
317226,0
90362,8
114571,0
51429,1
82484,6
291341,2
775566,3
76637,2
120255,0
896872,9
93713,0
67275,3
48140,2
443335,3
159097,1
97523,6
95993,6
144688,0
93640,2
398237,7
109661,6
64855,4
492447,3
149964,0
20142,1
139699,1
119250,2
2442526,9
48473,0
69289,7
109348,2
77413,2
240772,2
116169,4
1280011,3
95382,1
305583,1
371280,8
79540,4
952640,7
276617,0
96337,3
174336,1
285728,9
1202203,3
80421,6
119338,2
790663,9
285441,0
1194612,3
368711,3
85794,2
96273,7
1337040,8
163558,7
269746,1
2418510,9
810819,9
64861,8
113321,1
117057,1
850669,3
48673,1
375073,3
32818,6
301258,7
55256,4
1833673,8
372588,4
90110,9
51786,5
31679,0
407236,7
114609,2
2005164,8
68638,2
69089,2
436629,3
70735,2
118523,1
322259,2
85809,3
113097,1
64193,8
98209,6
128442,2
212985,2
1242422,8
53677,5
98042,8
36824,1
58606,5
893382,3
93658,8
1220719,9
85694,5
295682,6
263734,1
18455,1
125439,1
59749,8
1091617,3
2325002,8
120609,4
105916,0
87289,5
281322,2
60722,4
58756,0
50393,5
118980,0
84173,4
28691,6
49922,2
115759,2
114437,4
4006794,7
120737,6
53611,5
903622,5
111503,4
446298,8
333764,1
66498,8
301976,0
54777,5
116845,1
99108,5
58576,1
101844,0
1159961,3
117658,5
119311,2
16039,6
72351,4
396746,0
93477,1
82474,6
87981,5
796829,3
1068669,9
1067106,7
108515,3
94025,8
84675,0
273607,4
196751,9
100990,0
105097,4
86148,7
86618,6
61180,8
254252,8
91396,2
212604,0
71249,2
1286798,3
91983,2
259685,4
76578,3
1157685,3
126344,4
993846,9
233298,7
348529,0
37931,4
45793,1
134154,1
92035,4
82432,6
114894,3
450259,6
213268,7
59026,7
803057,4
84814,2
120679,9
92106,7
240900,1
120820,1
234854,3
116095,5
240684,7
82449,5
79095,0
256408,3
1482459,7
95334,5
100054,6
32215,5
243664,0
89908,6
1183732,5
374569,9
106877,4
140614,5
1010271,5
2396224,7
142245,7
346932,7
1135095,5
100211,2
1669698,7
1454902,3
300620,6
1792621,3
71275,2
105323,0
86410,0
358500,3
3094252,8
97118,7
1274273,8
99699,1
404032,5
2106670,8
71853,6
109920,4
111552,8
397103,6
42393,6
56218,8
100768,3
764639,9
2094018,8
84296,6
46903,9
84597,3
116817,7
94847,7
1159712,3
308411,0
147800,1
83872,9
1226251,7
116514,5
269347,2
99291,1
120788,9
74916,2
193560,6
111666,6
377651,4
454824,6
71358,0
2296935,7
76636,2
84049,4
188030,0
484113,4
47860,1
1213922,4
189456,8
72285,5
424942,3
63415,4
1172203,7
253618,8
270480,9
172202,3
66053,8
469916,5
480249,5
24772,6
288045,4
67402,9
78841,0
90866,5
116999,0
1132626,5
800226,7
1487931,7
58249,2
195714,5
93748,4
418753,3
443506,4
783476,3
1725929,7
75222,4
70130,0
90319,0
279064,0
170452,6
64137,4
93412,8
99685,9
310357,5
396401,5
117951,0
459127,4
108148,2
307956,8
1327773,9
116403,0
37008,2
75244,3
99606,8
104452,1
213446,0
302889,0
2636814,8
242994,2
319531,2
113610,3
89355,8
31968,8
269217,4
91538,2
75989,6
1787092,7
1202579,3
134033,6
308878,1
66327,7
1778342,7
113676,3
57344,2
42727,0
17925,6
63242,8
1013607,7
115751,1
138946,2
90579,4
82382,0
174480,1
114329,3
72204,9
65916,8
88885,7
282698,0
1189042,3
86393,4
424774,6
192335,3
1073510,9
926036,7
1322315,8
74121,7
118829,7
75930,2
114057,1
303281,3
301083,7
190641,7
114272,9
65178,9
1920945,9
116631,1
217505,2
102993,0
92723,7
58329,2
369339,2
82517,4
1173687,9
108471,0
977680,8
119008,9
117108,1
91178,4
162983,0
799916,3
120699,1
76517,9
1350498,5
102855,0
787475,4
110093,4
416331,4
259929,7
112471,1
435653,5
181865,2
113748,8
176943,8
113965,2
88074,9
839856,4
58230,7
2034098,9
1667355,9
104412,1
106273,0
83624,5
199208,3
901507,9
1173907,3
120082,5
82801,4
104511,4
28346,8
120680,2
111488,8
1863330,7
29675,9
97626,2
210584,1
80474,2
78767,5
78872,6
238859,3
91790,1
112688,2
117786,4
1327200,5
78740,8
319728,5
164108,4
75669,4
1135489,3
312700,8
120126,3
63668,7
45009,8
405866,8
481580,3
326806,8
2085930,7
60934,6
468442,3
71706,8
84654,0
59470,8
192657,2
78504,6
807840,7
164085,6
117665,2
113114,6
406375,6
298072,3
308090,3
1723047,8
293664,8
108593,4
61610,6
176883,6
96842,7
1673734,9
265212,3
67595,7
49518,3
114086,1
118834,1
3528666,8
46672,6
1016164,3
59126,6
1314715,7
113674,4
116275,0
1334556,3
415739,4
56869,5
40142,9
107144,4
39589,2
97211,4
120695,5
79482,5
77294,8
301414,2
45609,6
184907,6
3560580,8
24601,4
116704,6
112495,0
243862,1
1515158,3
1520496,5
120773,6
87091,0
34424,4
101597,8
358294,6
76716,6
464907,4
1082868,5
337741,1
60708,4
465502,7
99673,9
96251,5
184894,6
175550,3
1325014,3
373915,4
178868,5
2233983,7
54462,5
78087,5
69050,5
806147,4
83131,4
13427,3
473107,3
426883,9
119986,0
77766,6
114472,0
50233,8
112368,0
320194,4
486640,4
455760,5
113425,2
77742,0
283897,2
102116,0
2096673,7
82846,0
346513,4
109831,1
360139,1
242998,5
455940,3
35836,7
88678,7
24865,9
936501,8
448120,8
497329,8
105699,2
391877,8
97108,2
384793,4
367631,4
104046,9
221023,3
80789,9
48280,7
311110,1
408664,0
2396690,7
343172,2
53172,1
1609157,3
244094,1
15693,1
43769,9
416991,0
84156,3
94812,1
48424,2
116621,9
73029,9
287969,4
1174954,7
276919,2
72156,5
67803,1
85448,7
1571243,8
910865,7
24473,9
104114,2
111201,1
120687,1
3600760,7
1168773,3
163579,6
83745,0
1334510,3
1667889,7
116269,2
73438,9
120366,2
110620,5
105236,2
112759,0
122718,6
1133995,8
401248,9
337711,7
105481,1
1179904,5
117907,3
450345,5
312549,9
58333,5
2140141,7
119207,0
37558,1
91860,2
96978,6
55910,0
1201561,7
337636,5
108941,6
32396,9
50986,1
800099,3
116830,2
80489,4
94898,1
316356,1
140397,0
120596,4
119088,6
363276,5
65854,5
493420,3
113967,2
230512,3
82220,2
73486,0
79450,5
2072268,8
1009012,9
95186,1
73496,9
1185834,7
84787,5
115697,4
854678,3
116565,1
220627,0
31983,9
91630,5
1706596,9
104285,7
109191,0
154129,7
124179,0
96200,1
51198,9
1372686,8
478324,3
88758,6
54988,5
82516,4
140352,9
77621,2
59037,0
386792,9
337909,0
317910,3
386741,7
192175,7
30055,9
94089,0
1276996,3
130623,7
79257,4
58536,7
114563,7
80798,2
286162,0
113107,1
62765,2
318590,9
296874,7
71385,1
1077274,7
114194,2
97053,6
20414,7
119508,1
87265,1
106453,8
112854,2
96378,6
188694,8
100758,6
275915,1
52561,2
59646,5
80492,9
189072,7
325055,9
114323,0
261652,2
181960,0
1288645,5
53472,2
66115,4
168987,1
41169,7
22458,1
1319733,4
190332,6
102587,7
305357,6
133906,4
486761,7
449089,6
1267319,5
107130,9
142181,6
107050,1
1361828,9
331231,8
111590,1
81169,3
81126,9
105598,7
38033,4
319262,6
101700,2
138749,7
2718442,8
490076,5
48491,1
377713,5
120587,7
103003,4
82370,1
100519,0
1267379,7
139615,0
795368,4
127310,4
93978,4
238137,8
1351630,3
2195490,8
1562563,8
208664,3
283877,5
78723,4
118073,4
115738,0
418141,7
93489,8
366174,6
95776,7
256103,1
114616,0
246072,1
426955,7
1295068,3
57226,5
73149,8
59127,5
23037,3
97424,1
425150,5
106868,6
113501,2
101660,4
1185384,3
71143,3
90329,2
318627,5
41268,2
84726,6
2093990,8
246734,7
1570966,4
279889,0
1321865,9
139564,8
443474,9
119256,2
144084,2
199727,2
115680,0
113080,1
96464,0
106535,0
1352369,5
412915,6
910970,7
19702,2
59410,4
3735554,8
97818,9
54417,2
54615,4
59399,6
424024,3
1694015,3
1075340,7
95927,1
21015,0
90264,6
279176,3
1615147,9
89822,2
38104,9
37101,2
478197,3
312409,8
103095,4
31619,6
1753549,3
1320355,4
443527,5
963794,5
454864,5
156901,0
57590,6
131409,7
60177,1
302297,4
65651,0
306047,4
481499,7
84783,0
142248,7
4075578,7
290057,7
277941,6
104765,0
105466,6
366527,0
299930,2
382992,6
71532,2
39416,1
271263,7
92493,6
75213,1
309820,9
338135,2
3025410,9
120768,2
86879,9
102175,1
389908,0
1524539,9
92099,1
120219,3
57180,6
363277,7
425112,4
1060277,5
295297,6
848537,7
144120,5
121262,3
270980,1
287471,1
119049,0
117603,2
772178,4
50307,1
1814836,3
309614,3
108171,8
43949,9
454602,8
108255,6
311320,3
428441,3
120660,8
50301,4
51994,9
1326204,3
256415,1
58175,0
59557,6
114266,1
780495,5
208003,4
82979,9
1523317,7
3878542,7
95774,8
1466072,3
1671630,3
295701,6
56931,5
2981768,7
320661,6
115870,4
89308,5
197230,7
91778,5
3704352,9
89346,8
61678,4
31047,2
98436,1
91862,7
64323,8
60736,6
118172,6
230575,5
1107948,8
427998,4
85970,0
94315,0
1077258,4
67350,4
87428,0
133170,4
13571,9
1260365,8
30386,1
54371,2
53644,4
358273,9
54127,1
2124787,8
62803,6
1233227,5
79152,6
176016,8
152548,1
71276,5
1014762,3
102803,6
92285,4
121398,4
119165,3
1278293,3
110547,7
910936,4
181833,3
2113820,9
1111833,3
386423,3
1506940,3
3001638,9
923600,5
4379180,8
87843,2
314039,0
1937388,8
3305316,8
314871,1
190374,6
89110,6
114303,1
318411,0
3112654,8
140613,9
436727,3
113596,7
111255,2
216417,4
173840,7
90967,2
112442,4
94226,2
36152,3
93171,4
120878,1
292508,3
359517,4
19421,4
105601,3
1085492,8
128214,1
88650,3
68713,5
73639,6
462499,8
1333668,3
102729,2
335119,9
107009,5
200071,0
89841,2
113319,8
117276,1
33723,6
787505,5
329106,0
54599,0
58232,8
75765,8
165929,2
57565,2
3719896,9
69897,2
90219,1
108243,8
454839,5
171359,1
54393,5
2356180,9
1093842,3
90728,6
22879,1
78405,5
60983,9
32258,5
24747,9
297284,2
151804,4
83967,9
83276,2
479968,5
111693,1
114047,4
66301,6
816539,4
284494,2
90206,4
110889,1
49470,8
60153,6
94739,4
94681,0
71569,6
106965,6
44903,9
107447,4
417871,9
356201,7
427528,8
492487,3
106539,8
15174,6
113756,1
163494,7
317042,5
109759,0
106466,1
2488310,7
281634,7
244504,4
116643,0
49408,9
116287,8
120901,4
144214,2
56875,5
57261,6
308152,5
844479,5
119738,1
116791,5
86325,2
149367,4
107659,4
370032,5
338109,9
115632,9
40497,4
118926,8
251739,3
113729,1
238321,0
1235830,7
1543920,7
82250,2
428541,8
3455740,9
53390,0
2980706,7
63285,9
65088,0
892899,5
118859,2
291833,5
93015,4
156639,4
107148,0
279065,0
89839,4
105017,4
837791,5
57197,6
2147521,8
2172934,8
91064,5
1559025,9
71141,1
81176,1
114287,6
83326,0
1548865,3
235376,8
100196,6
1852904,8
39004,0
82622,0
3726704,9
120835,0
97971,8
35896,6
1395183,3
98532,4
269341,1
34493,0
3111626,9
124298,1
258273,1
3125652,9
68346,9
465657,7
901485,8
120714,8
76211,0
289635,2
81031,6
1094661,9
1279083,3
84352,3
225071,1
91415,5
145937,3
117365,1
83869,2
370477,9
1386932,9
3141866,9
130121,2
401787,4
383216,6
119395,2
1382722,9
61735,0
401815,5
150915,9
107086,3
79073,5
314062,3
76141,4
210628,9
119225,2
1422651,7
293146,0
102432,2
82342,8
2180994,8
84357,5
1488591,7
99703,2
106689,8
144201,1
86194,3
1929263,9
103594,6
1477855,9
64689,3
3646722,8
364079,3
847474,3
66995,6
479537,8
50456,4
117427,6
90327,5
84058,1
91828,2
1503776,3
73535,8
1798108,9
1094594,3
110251,0
84362,7
126916,1
117443,8
52911,4
1810633,7
99365,2
200027,9
116329,6
68617,4
285823,8
385057,4
84796,5
1459026,8
232083,2
18033,1
115548,0
361856,9
123092,4
113117,1
370082,5
183503,1
226935,0
290879,6
42553,8
176422,1
113952,0
120478,6
1753521,8
89606,4
237539,1
97607,0
117791,9
360025,4
92783,2
68983,9
222851,2
455326,7
271809,8
81693,6
100405,1
103074,6
86102,9
79417,0
100369,5
79833,7
100140,1
104348,2
47878,2
50490,6
393162,9
120423,5
42876,2
82477,1
492486,5
65436,0
265116,2
1254322,9
317842,0
62043,3
2461520,8
1479269,8
102293,4
446059,9
97742,6
227277,2
114658,4
1496422,8
116594,9
250347,2
44410,4
166960,7
1319704,8
89530,6
95895,3
944834,7
252503,2
881200,9
417791,0
162360,2
95238,1
168080,0
253200,0
322422,9
110425,5
68718,4
902967,3
119249,6
974959,4
130232,3
57883,0
49778,9
105402,6
78908,5
102603,2
228750,8
423881,5
279493,4
63356,2
195685,9
64886,0
90735,8
78251,0
479046,3
78150,8
1032854,3
129111,9
57115,6
1055300,8
441048,8
234988,0
108606,4
96283,7
48021,2
64866,0
51755,5
33553,5
112427,1
1815899,4
90729,6
65738,5
313542,8
117400,0
49475,8
60794,5
82966,5
37492,4
80832,9
44741,0
90798,9
65549,9
795338,7
82163,2
860906,7
179626,2
113145,0
233651,9
446752,4
59673,6
118842,1
22835,5
2333598,8
280969,5
103969,0
87175,6
51758,9
119743,1
948532,4
78235,8
289320,8
338751,9
297144,3
143874,2
69067,0
110978,5
97481,2
160338,1
806203,5
111237,0
2510028,8
102721,1
910873,3
892773,3
402406,3
1016290,8
86450,4
57465,8
1945084,8
82498,5
3504064,7
238015,3
977648,3
974662,7
803038,7
1196340,8
59043,8
119664,4
468442,3
262432,0
310910,2
491162,8
112668,7
1441084,8
107612,4
245674,5
245479,1
98725,0
1801038,3
1535419,8
338348,7
1675434,9
99697,5
113161,2
90685,1
155671,8
892096,4
250125,0
86346,6
1482989,9
87700,4
287624,9
189047,6
110725,6
111400,4
77696,4
134067,7
49223,6
3993894,8
110125,8
76363,7
160401,2
15167,4
492506,3
1629374,7
108526,7
85478,0
492044,5
380473,3
105411,2
72852,8
2652476,7
119488,2
105211,0
159382,2
84938,4
66078,9
118954,4
117028,3
1429433,7
424345,4
1097256,3
99878,7
40495,0
150648,7
1348997,3
86637,4
240912,3
2157346,9
330634,5
72895,4
99073,0
77280,9
23369,0
182299,3
91059,6
83833,0
83946,6
298148,7
2050634,7
74285,5
111667,0
1145152,8
423455,9
133413,0
376568,0
2018086,9
76765,8
282552,2
82054,0
144168,4
81323,4
242795,1
449010,6
90182,3
37465,9
80634,3
1134859,7
210234,7
480345,7
25948,9
1865505,7
103125,0
91920,0
1787777,3
82252,3
117965,8
125778,0
80120,8
80455,4
90859,2
109129,1
116601,4
69754,5
68421,6
97261,1
271219,1
51878,0
60138,0
56093,4
363473,9
3128900,8
111357,1
98300,1
158983,7
425430,5
77289,1
61856,6
3134058,9
1028528,8
110687,6
2717860,8
192194,0
35151,6
388888,3
58212,4
103184,4
362227,1
118767,2
93146,8
457495,6
72901,7
219964,7
100828,2
45317,1
130445,3
115641,7
2133333,9
382383,6
90693,2
1583323,3
120514,9
96943,9
36677,9
95599,1
85640,2
66856,2
1745862,9
73906,6
93104,1
126886,1
261392,4
326856,4
1157631,8
76150,5
140688,0
64904,5
116293,8
126627,3
102592,2
56983,5
96976,6
93223,2
358146,4
112462,6
59674,0
87020,4
73858,2
141369,6
101962,6
115685,4
139239,2
67402,9
181536,0
95012,5
245573,1
99030,5
32676,9
341315,7
123802,3
417243,8
97662,2
1673702,7
349079,0
65214,6
76584,6
23194,6
113369,0
67116,2
80895,2
25452,2
106673,1
340376,8
139951,0
275947,4
375210,5
1268987,4
113212,3
424279,7
92925,2
329330,0
46366,1
75296,9
112966,0
110622,2
47573,5
1116186,4
397065,5
281859,7
467200,9
101692,2
127516,8
48947,9
1086797,7
88931,0
90568,6
60232,2
1352852,3
259256,3
82783,9
31397,7
94008,2
1644577,3
74291,9
110189,2
19412,4
35429,8
395169,9
82406,7
297753,7
160611,2
1358383,3
126651,0
92655,6
45296,9
328962,3
107750,0
295700,5
100827,5
115736,2
1487275,3
58265,1
43778,5
1232838,8
80761,5
1337137,3
61931,7
36377,9
212815,1
94012,6
2512204,9
36582,6
286112,4
236493,6
1599351,7
88865,9
273517,5
102951,1
929235,3
19130,5
121164,7
27948,9
37820,5
1038988,5
162348,1
94791,6
84481,0
2769896,7
60574,0
99165,1
49674,9
98160,1
95654,1
131704,7
86197,6
3142260,8
90366,0
80360,5
47794,4
847817,3
268995,1
84719,5
119237,0
1620933,9
995061,3
318283,1
68473,6
94644,8
1007029,9
1620446,7
100873,9
446055,3
111797,1
83611,2
32356,6
1233611,3
204709,1
89274,5
119349,0
339135,8
120725,4
286285,7
94072,1
19400,4
81485,4
142371,7
63374,4
1001526,7
425236,8
105888,6
1522863,3
39628,2
319970,5
132477,9
114736,2
473434,3
422349,3
73902,1
107349,0
107895,8
110950,1
66109,9
97235,2
112851,8
73114,9
198279,8
108308,6
168950,3
118117,0
50171,9
163862,6
155711,2
115781,2
350028,1
88794,1
146455,6
55998,9
802948,9
47338,4
80861,6
106833,1
189744,0
170232,7
109553,7
147612,0
97635,0
82559,4
120667,6
1226752,5
885415,7
119142,4
76446,0
59243,6
88323,6
273253,4
420740,8
308488,3
232002,7
57318,3
98180,6
1649419,8
227984,4
76044,6
1117523,3
92605,1
91167,0
54743,1
77716,1
93105,9
90633,7
117119,6
142237,7
243889,0
109198,1
118617,7
374184,8
124115,0
295303,0
313487,7
95649,1
2253947,7
116289,2
1297945,5
96787,7
357139,7
127710,7
954981,9
34172,2
64921,3
294289,1
84805,1
1170391,8
374180,5
432348,5
49406,2
384537,6
93512,1
469640,9
234829,1
251382,7
76147,9
816436,5
1907668,8
999872,9
996979,5
1236472,3
85678,6
81573,6
98343,1
233809,3
120772,1
280460,0
1590089,8
117998,6
303326,3
101410,8
210804,7
61852,7
47034,5
892255,9
381971,7
18054,9
115580,4
59825,8
112864,6
15324,4
227005,2
2387513,9
25318,4
124207,0
81662,5
117898,2
80728,1
93562,0
47873,9
1322381,3
59017,1
76123,0
201020,0
243199,3
72890,9
32086,9
156859,8
65134,6
263488,5
27980,2
1053859,5
209077,0
282410,0
363828,7
48937,9
89913,6
318649,6
500140,3
18097,5
1734477,3
45053,6
108170,0
118655,2
36341,5
290145,0
1330525,8
1157720,3
47892,2
1121969,7
113718,3
1223150,3
3911200,7
43265,6
107943,1
116913,3
91579,4
120857,4
106878,4
779982,5
116225,6
50944,8
99151,8
88184,0
110197,2
84293,0
71408,5
929860,4
1430626,7
48191,9
1798188,7
466664,9
170811,7
11387,6
3011894,8
313196,1
122143,5
1230204,7
466909,5
90775,8
123324,9
1103256,5
219400,1
45296,9
105690,8
462504,6
89126,0
80661,2
433771,7
84116,1
114015,0
113449,5
327084,7
1054486,7
71650,2
48281,2
104663,0
103956,5
405676,8
416871,6
39739,2
117577,4
290673,2
101578,9
160484,5
77288,4
241251,8
891527,8
109424,1
31851,5
109266,2
1185837,5
1235537,9
45061,1
113808,4
493226,7
79271,8
790686,5
118064,0
41452,1
73345,0
108592,6
63823,7
127536,9
1584016,3
117167,1
2655788,9
59527,0
83678,2
35605,8
115886,1
436078,3
83542,5
93137,8
1252298,3
68612,7
119305,2
65488,0
164912,6
69019,5
107131,6
120211,1
89374,4
117918,1
1701991,7
219965,2
2375379,7
283469,4
84917,0
110008,7
54709,4
217119,2
23395,1
471094,8
313792,1
98067,0
120711,6
32143,0
87042,4
3331846,7
1063669,8
456630,5
156171,3
110684,0
435706,4
390538,3
304729,1
101869,8
103747,9
459131,7
2908228,7
903657,9
115535,5
244970,1
34240,6
250274,0
112712,8
253474,9
101921,0
82226,3
4819458,8
304564,7
114660,2
119548,1
336910,2
206762,2
73707,6
1031254,5
1809398,9
2063011,8
119099,2
117780,5
108167,4
301357,1
215139,1
17416,6
109828,0
35169,1
95882,2
115633,0
1332128,3
119512,0
265087,6
189041,3
138104,9
60636,1
289848,2
318725,0
72705,6
1010005,3
93227,5
81259,1
44916,4
224267,7
64793,0
57295,5
185371,5
2391950,9
109093,2
2179136,9
92534,6
68168,2
117202,2
120481,1
107426,0
335563,2
83254,4
1172571,5
107002,1
145531,5
1221143,3
90203,0
94077,4
3074578,8
56403,9
1276419,9
390632,3
92563,2
149624,1
285462,4
120604,6
237993,1
756727,3
179116,1
117364,1
139654,2
119670,0
74605,3
97521,2
168446,0
1864288,3
89348,8
381006,3
278295,4
361500,7
856824,7
89603,9
95958,8
45112,0
120623,7
1498870,4
82357,7
287986,1
29912,7
94860,5
66740,5
318025,0
26643,6
118705,0
1024943,4
150338,3
108188,4
872230,5
1658851,9
143808,7
14429,8
114039,1
90197,5
367913,5
104057,1
179526,4
1433811,8
263671,2
790590,5
162024,1
107808,2
42702,9
250202,1
62168,5
113612,0
119282,7
459913,9
414853,7
89647,9
322824,0
57809,8
91295,9
107259,9
97937,9
105789,1
433722,7
96171,1
926063,5
49279,6
150143,0
38854,2
1182609,8
10726,6
1433813,3
293662,2
86383,2
388996,3
106473,0
80947,9
261014,8
472043,6
166169,3
18773,1
74152,0
93278,6
338459,6
1992258,8
68503,5
79239,0
178022,6
293509,8
92005,6
2132486,7
84469,6
97028,2
50558,3
317950,1
1535495,8
961117,3
90022,2
114720,4
200427,0
380620,9
67439,0
85482,0
96332,1
403217,9
56331,5
1028539,3
86973,1
85218,7
828154,3
117419,7
71129,0
97457,9
50095,6
100409,7
111216,2
48312,9
309566,7
1510934,3
37576,6
316732,4
49607,4
29926,9
94908,8
91578,1
780607,5
1856014,8
82100,1
88336,4
1371155,9
59297,5
2616880,7
1135083,8
27260,2
243736,1
204700,5
209163,6
254252,8
74235,9
1045655,5
461770,7
184510,3
280486,6
3465074,8
103247,6
64349,7
116259,2
96425,5
9968,1
107315,4
84732,2
20693,9
4934950,9
361089,7
55894,5
202989,4
129387,1
86541,5
419294,6
383206,7
3043542,7
64975,0
472027,9
126016,8
87727,6
989007,9
62885,5
106683,8
166287,0
79709,2
221799,0
1754455,7
122642,2
55184,1
995850,9
308514,3
91836,8
273108,0
479468,3
75936,2
70136,3
65051,1
1854538,8
90021,5
765849,3
111787,0
50634,1
34091,7
384833,5
81400,8
41503,2
433383,9
303353,3
905979,3
792986,7
67227,0
103595,3
42436,0
1135989,9
132910,2
1596345,9
1452291,3
439547,9
192731,5
73901,6
59415,1
114103,0
67185,1
80297,8
116531,2
92618,1
105809,2
115600,1
1368870,8
368259,4
217894,4
65112,8
55118,9
441773,7
301684,1
93260,6
119723,1
765446,7
126816,4
119682,3
104714,2
38107,0
180181,0
206746,3
86489,7
66999,2
1385869,3
47577,5
79781,4
143422,4
395479,7
113151,9
156757,1
67633,8
162650,2
74156,2
462499,8
1623008,3
1472122,7
3141912,8
143145,6
66993,9
497116,3
166252,1
96094,1
52602,5
100491,0
1259781,7
69436,6
18523,4
870210,3
245209,3
61578,6
1479380,3
117609,4
314979,6
373861,3
1233219,8
116650,0
90769,9
124295,3
233469,8
87884,0
420294,5
279977,0
81443,9
106408,0
294264,8
212827,9
112604,1
445939,5
87182,6
258242,0
372321,3
120831,0
76929,7
212826,0
441007,9
912580,3
84266,4
113691,0
65969,6
97503,8
91767,4
245115,4
76276,6
146336,5
88172,1
70902,3
1060234,8
478331,3
277622,0
80749,5
24962,9
113063,8
107529,0
215516,0
114148,7
35318,2
91954,9
52182,1
39737,1
113421,8
397101,5
115885,5
120576,1
1535491,8
387658,7
77241,8
58155,5
89343,4
81248,5
93215,4
83972,5
112769,2
75409,9
110521,0
82817,2
1331025,3
94304,0
142243,7
97444,5
100840,0
234853,1
72761,9
109327,5
91635,1
128853,1
116379,1
110428,9
146247,6
243133,2
62708,2
26752,6
106761,6
114558,2
119139,4
94048,4
1196956,9
87225,6
415949,4
482603,7
113189,6
1536044,5
84189,2
1679332,7
67950,5
117718,0
67229,5
70915,2
333847,3
81696,1
71746,9
240628,9
100691,1
87078,6
50147,5
72021,6
45469,5
50105,1
93668,6
120697,2
115644,1
1436034,8
290095,4
102500,2
71519,5
475937,5
1480660,7
81455,5
96926,1
2106550,8
1327819,3
165643,2
1143896,9
79986,7
84329,4
43274,7
961117,3
110365,2
41386,1
118623,1
983213,7
287978,2
1838520,8
95188,0
434215,6
119038,4
121765,6
56142,6
335266,0
102598,1
84090,5
199650,8
2651916,8
100822,1
58092,6
110490,8
121766,6
110737,1
419434,3
3218680,7
1680045,8
27800,5
1043852,7
114536,4
55824,5
1339635,3
250310,2
205271,1
67741,2
93873,5
78111,0
113438,0
315850,2
82242,5
82001,1
100912,7
990427,8
468445,7
236216,3
1139111,7
223384,0
274166,6
52722,6
183659,9
68646,2
90830,1
153464,1
106680,8
1234719,8
75931,5
167752,5
72081,2
36910,9
359692,0
93178,8
219430,8
48308,9
82009,7
118540,3
1272012,8
417003,3
308379,5
209095,4
419477,3
112907,0
339840,4
109685,4
1186357,9
93565,1
1355640,3
451829,4
395417,3
333780,4
63759,5
862856,5
988102,3
117169,2
446747,4
893356,9
275230,7
49516,6
361715,6
3398268,7
145302,3
71807,6
12675,6
1381112,9
1189073,8
83271,2
27653,8
15400,6
109707,9
61369,7
120483,4
3344922,8
1172994,5
323642,7
2076298,9
109949,0
1337366,9
101745,1
35799,6
118127,1
962781,3
200669,1
32762,6
99582,5
108366,1
348862,3
235553,4
4215766,7
2210479,7
118586,2
273851,2
337824,9
100142,1
2209386,9
167203,6
64714,7
117312,4
173910,6
838247,5
437179,5
1239427,3
354068,4
60073,3
69966,2
37644,9
1213644,4
68828,9
405455,3
323551,9
1209331,8
92991,5
200472,0
114474,0
804540,4
1445203,3
314630,0
106521,5
2294629,7
65126,6
372803,5
71866,2
233481,5
58578,3
1453242,7
1446192,7
103130,0
1295071,7
260713,3
143746,1
69995,5
1226036,7
115491,7
4702528,8
405094,8
2946582,7
1911658,7
95715,7
25948,9
51739,4
47887,7
71908,4
152015,1
348333,4
119819,5
92641,2
156843,5
83996,2
482599,5
100848,9
22286,2
295254,2
778631,7
53198,2
79116,9
78856,6
74256,2
65063,2
82176,9
17825,6
117071,1
1188113,8
244196,8
1249414,3
89003,2
400497,6
1091191,9
97125,2
372334,0
316829,1
50306,1
120363,7
81991,9
1047449,5
113973,3
1572781,7
257076,6
2094877,9
82332,2
2332523,7
113682,6
119572,1
800026,8
844474,8
290329,5
472050,4
780583,5
253658,7
457572,5
240515,4
107065,9
88206,6
116119,0
178145,6
89461,4
492931,3
119910,1
63350,5
94291,2
117420,6
395699,4
1083452,9
42369,2
106356,9
1597089,3
91276,5
1542411,3
55614,2
174204,4
2288005,7
63518,1
114093,3
111271,6
43503,2
1157605,3
113690,5
85370,9
70622,5
478719,8
119707,6
345461,8
163984,4
472566,4
482358,9
83590,3
151683,7
46187,2
93505,2
251370,0
1961604,3
243493,4
67109,8
62657,4
77745,5
1520392,7
134619,5
64777,4
1230164,4
280438,2
395571,9
83652,3
142249,7
2550112,8
191423,7
405469,7
178642,0
143861,3
1673697,9
130018,5
1891769,7
58567,5
119327,1
58530,6
810823,5
912586,3
1673430,7
282667,4
112777,0
113849,1
85862,2
33873,8
371683,4
52027,6
160298,4
234041,9
204058,3
117765,2
77598,3
27459,0
41967,2
88993,5
118772,1
263725,0
303297,3
131436,4
118804,0
1391579,5
142251,7
95662,4
116859,3
97202,2
115978,3
81249,2
197213,4
65853,3
100049,1
114008,0
25913,3
113283,3
1323045,8
120042,2
119051,6
283883,2
24966,9
117060,6
302022,3
295178,4
290661,0
74119,9
52812,8
419952,8
2591814,7
43599,9
120917,7
82495,5
1927172,8
53957,0
102266,8
1539107,3
120529,3
477080,8
119326,4
1238721,3
36733,5
377556,4
1175500,4
150290,3
171357,7
62037,5
86006,6
88967,2
36342,8
120801,9
255094,0
458471,8
114753,0
104897,4
323033,1
275847,7
77549,2
70424,9
110971,0
164917,7
109913,1
118147,3
316824,8
335345,0
378215,8
221027,9
260332,0
436864,3
1118511,7
1092007,3
90927,6
49967,5
124621,8
42646,6
70510,2
414982,5
1659338,8
347330,8
170517,9
59821,5
113896,0
1711484,9
264578,3
115591,1
54953,6
2371486,8
87100,1
1132623,9
1137999,5
5078,0
113695,0
250494,1
144117,2
178737,1
1754177,7
844471,7
478125,5
74452,6
114095,4
59793,2
180303,1
1189349,8
284850,1
103905,2
176093,3
443680,9
113133,0
40506,2
1241325,3
69697,4
912599,3
23236,5
373712,0
123209,1
912590,3
24660,7
3110960,9
48356,1
140508,2
195945,4
50383,9
3725278,7
92997,2
89755,9
106941,1
92007,6
107473,2
114846,1
96928,6
32234,4
38574,6
472181,7
1682180,8
75572,9
199290,4
67540,4
77914,5
53779,0
118239,0
31851,5
492912,8
1196165,4
1991031,9
53344,5
819354,3
1323594,7
1109594,8
85470,4
3921314,9
316187,4
68640,8
116502,8
91889,7
41928,9
1500496,3
78163,2
100747,0
278487,4
33149,2
1355638,7
443536,7
106223,6
100240,6
455782,6
32383,1
81186,5
435696,8
75082,8
89826,4
110213,6
47445,0
57076,6
65938,6
108583,9
78850,3
479647,4
1510926,8
98282,2
92501,4
3346224,8
92848,8
1345836,8
27552,4
54880,5
1232790,3
253867,1
114928,8
420076,7
91431,6
118972,2
106537,1
117968,2
313255,7
385726,9
115856,1
1029234,5
262210,0
233687,3
65206,2
436857,3
154421,0
53719,5
128278,8
50894,5
418038,3
120265,0
365938,0
96316,9
85450,4
215129,6
1057500,9
116745,2
1073498,4
1288461,7
97243,8
109542,5
345950,7
845955,5
119614,3
85380,9
88103,6
170259,0
102388,1
18328,1
1334585,7
116683,7
80907,9
1305871,3
112883,1
41650,6
373960,7
74626,0
1423995,8
3849692,8
76137,6
117628,1
38492,8
274407,9
84684,5
1191971,5
59712,1
42994,2
80923,5
88781,4
206226,5
416315,5
109040,4
303394,3
57710,0
404802,9
419749,9
74157,6
46564,9
89015,1
69895,5
97757,7
84855,0
30696,4
822389,4
324197,1
273923,0
331953,5
350804,6
59956,6
1087474,5
876563,7
395421,3
87666,1
1278124,5
110217,3
775434,3
110296,0
70608,7
99710,5
82992,0
46521,0
119644,4
264616,2
379000,7
59797,6
221559,0
267116,5
23551,6
1648093,9
119632,1
382602,7
120643,1
358349,6
37166,6
83630,6
75144,4
381682,0
158011,5
94746,0
91981,6
71675,5
195165,5
316654,6
240149,0
90357,6
100608,4
81562,2
87718,1
295721,4
1228987,5
86936,3
9062,4
112844,4
119019,0
1587828,9
1615918,7
1667903,7
45056,4
1034302,8
450278,5
1530487,3
211015,7
361322,0
249577,7
119219,2
120823,4
454976,3
73327,5
373283,6
73766,4
206608,9
1509130,9
1715827,8
55774,6
107692,7
448134,6
1054113,8
108473,5
17739,5
106536,4
1196672,3
107824,0
90605,6
1202202,3
117102,4
1220628,4
249677,7
114496,1
378230,7
236388,3
51114,9
356618,5
142238,7
207524,0
308671,2
101373,1
169880,7
142242,7
89114,6
78084,4
67055,5
118663,4
162677,2
385880,7
76591,7
75648,8
58990,8
44706,8
327850,6
87263,8
367093,6
86379,4
76543,2
486551,4
424129,3
883391,9
112453,7
2368672,7
100281,7
66849,5
111477,6
97778,4
119918,7
1212974,4
53291,1
301526,7
356159,5
98213,3
1245104,7
47630,6
84854,5
49777,1
43918,4
68555,4
285742,1
111173,2
96028,2
106977,2
113972,2
100143,2
63379,8
105585,2
90702,9
120836,1
78389,8
77189,0
429277,8
205000,1
112585,1
120709,1
103950,4
109491,1
69947,2
43953,7
1174034,9
74751,6
75268,4
83702,3
327597,7
94783,1
1671496,9
304141,6
1609790,9
331525,8
314331,1
119190,6
90770,2
105217,2
98536,2
446320,3
1753496,7
428212,5
100114,6
32599,1
99166,1
94057,5
134847,5
62994,9
116308,1
99077,9
118750,1
110796,8
69048,5
209958,5
466399,6
29081,6
111512,4
54324,9
329767,1
84395,5
279112,6
109390,3
76119,7
424908,9
83015,0
119214,2
230011,7
841119,3
454970,5
138704,5
407304,6
89565,8
29843,6
66730,9
94701,5
87193,0
1570962,3
122946,8
111800,4
68615,5
378194,2
324080,3
368520,7
3602144,8
283530,0
124198,2
260991,8
99044,4
184719,0
338188,6
470732,9
135790,4
34928,6
3161960,8
69191,0
120401,5
82136,4
436039,3
117496,6
424095,7
1558741,8
119345,5
113362,6
301727,3
469689,8
69684,9
61138,1
902270,3
347540,0
1175491,9
281938,9
106262,5
116422,4
148462,0
460766,3
99524,7
73705,5
11130,5
2194748,8
109781,7
165854,2
870984,5
70355,2
102526,2
112740,8
36126,9
67456,3
120692,4
1247703,3
79367,4
210094,4
97733,2
277605,5
1224369,9
104647,4
103241,4
796232,7
790706,3
92963,3
31762,6
210065,2
1217213,7
285627,7
127322,7
184791,1
86374,5
112922,4
300015,1
1190072,8
105112,8
910852,7
218080,8
100347,4
306841,6
179074,3
94669,2
80889,6
98112,0
1783422,8
110413,2
280590,1
95801,0
471711,7
97179,5
85980,4
42276,1
99018,0
183869,4
455537,8
181838,8
129136,2
484064,4
911010,3
113552,2
1277936,3
56165,9
71604,3
142241,7
162903,0
141098,1
49096,6
245120,5
116752,0
23800,7
82748,5
68528,0
63462,4
365262,5
88855,3
65541,3
119123,8
61809,9
110944,6
1522857,3
104361,7
117011,2
57622,4
92561,3
311361,4
86308,6
72308,8
315110,0
452702,5
83906,8
963194,5
2495118,9
1053830,8
407121,7
64622,4
83190,2
319769,0
55254,7
77975,4
68179,8
435761,7
465737,9
113730,1
762125,7
38338,5
84935,6
1003034,4
362269,9
829482,4
71233,5
63979,8
115710,2
247745,2
328077,5
120794,7
60164,0
94625,7
1121786,8
85333,5
171804,9
298856,0
266915,4
52969,5
111622,9
1091751,9
101787,1
116212,9
2192016,9
1781922,8
1013854,3
89218,6
383475,3
367188,9
103773,5
39825,4
1727587,7
122515,0
905329,9
1194271,5
96880,7
1247371,3
123385,9
964586,9
112722,2
113557,0
113083,0
1848902,9
253556,6
100666,6
96030,1
97106,1
454082,5
92569,0
389011,3
65761,5
380277,4
327201,0
2095713,8
96328,3
116298,3
78439,8
114788,2
417072,5
1666335,8
2204315,7
374546,1
196267,0
1213897,7
450363,8
2014392,9
758730,5
104254,7
57078,5
803057,4
156587,0
73341,6
416220,4
246464,2
2393817,8
64573,0
150574,3
118901,0
1155592,3
325655,5
73756,2
144528,1
1533818,8
98319,1
163651,4
83550,5
167456,6
209919,3
78481,0
472198,9
359013,6
892375,3
289944,8
107927,2
108122,0
48261,2
283084,1
972883,8
160184,2
3600588,8
3152602,9
80904,5
43461,9
212517,1
119734,1
82853,0
393597,3
98073,6
1583356,5
424272,3
179098,1
381966,5
91814,2
113627,1
67713,5
86143,1
906743,3
3862750,8
120784,2
1087858,7
216625,1
99816,6
283003,2
325234,4
76704,5
280380,2
187078,2
119167,2
343121,3
1216515,7
57163,0
1386588,4
435706,4
81269,2
1248971,8
34116,6
49513,6
22395,0
270197,0
120812,4
61495,1
1421032,3
21622,0
1060277,5
24183,4
2013293,7
120631,1
1728975,8
120522,1
791178,8
454864,5
84522,4
177262,3
79495,0
105179,5
65398,5
365265,5
1013743,4
1331307,5
33283,5
119209,0
45810,2
82000,5
119052,0
143323,4
89173,5
42895,1
88983,7
21571,0
1255955,4
59930,9
3062414,8
82457,2
119656,2
67698,9
780607,5
324216,5
119802,2
95488,5
305999,4
281938,9
105810,2
247419,8
283632,5
58962,8
455142,7
84488,0
88814,7
53793,0
109001,1
371823,7
96454,2
3713030,9
318081,6
98471,4
3210686,9
110335,3
224077,8
104627,2
120472,3
120004,5
97050,6
1259583,9
113328,0
486259,3
80641,6
115847,8
119778,1
101829,8
113827,8
85320,9
82089,2
71110,8
80319,4
142236,7
999913,8
106881,8
92644,4
39689,2
86859,6
438097,7
337978,6
118736,6
77768,4
28212,8
965411,8
1141486,3
99587,8
90637,9
189553,3
206963,1
87799,5
87578,4
365847,6
89087,6
91188,0
55312,0
82770,4
71577,1
384116,6
118900,2
36629,3
94663,0
112899,8
348593,0
61715,6
111048,0
385307,4
246134,2
87928,2
107504,5
37651,9
102816,9
1049413,7
60635,6
29453,2
97637,4
1480295,8
1101026,9
74236,9
2196564,8
113010,2
1104783,3
83064,2
411267,5
323872,0
37219,5
45679,6
111804,3
3297330,8
1394383,3
104954,4
60218,6
45920,5
91125,3
60662,8
60182,6
219405,4
2076176,9
114534,0
101453,2
37800,1
93225,0
486321,7
98513,9
73615,5
271259,2
89901,6
70666,9
54205,3
31826,9
307057,7
19422,7
465670,5
389074,7
111143,6
1002540,3
61107,8
75754,8
74540,6
120912,6
104006,2
27446,7
85868,0
112767,2
93405,4
66392,2
110200,8
252444,6
85936,7
114007,0
37135,1
119081,5
126765,8
1971352,9
303348,3
53084,4
380066,5
96003,0
111257,6
57026,9
64976,0
92079,0
10307,5
389326,3
84874,0
2782834,9
300532,1
116191,1
346900,7
1114698,7
29162,6
3745620,9
1230130,3
48449,7
108551,9
1680136,4
64006,0
345543,7
67893,0
119668,2
99342,4
2243621,7
2234429,8
107146,2
116075,5
50783,0
102818,8
446083,3
112373,3
64757,6
181316,4
965355,3
123953,0
345074,2
120832,2
456554,4
109450,9
29942,9
286594,2
125211,2
53258,8
120162,4
119502,9
308808,3
125454,6
212338,1
296108,3
450972,4
425598,3
94602,2
51776,9
285879,1
1326194,3
2980516,9
48960,6
64640,3
164212,2
1273235,5
3111728,7
97892,4
2245084,7
903943,3
89670,6
464196,5
1493886,8
48602,9
183523,6
55032,1
77925,9
239060,1
234407,0
86397,2
369295,0
359203,3
346952,3
95756,5
75314,2
790770,9
47152,4
77394,5
45917,5
1083456,4
273048,1
2301592,9
459242,3
241183,8
21025,7
98967,4
116583,7
72856,4
1385824,5
401233,7
91499,4
412308,8
219288,4
94897,3
411323,8
236576,3
1980162,7
84112,2
419160,5
17843,1
83232,2
3495000,8
117802,0
419806,3
73113,6
78243,6
87910,6
344864,6
901686,7
414243,7
338013,1
96161,0
281724,3
87451,6
234516,8
964517,9
117093,1
75902,0
108260,8
93011,4
258470,6
47216,0
248808,7
60268,8
1483797,7
99797,2
119534,4
119896,1
977649,3
104377,2
104545,1
103671,9
95626,2
107653,0
462322,5
67959,6
151691,1
59311,5
86102,9
165986,0
117477,1
1483025,7
82640,1
164221,1
51808,6
2824852,8
47162,1
82118,5
120723,1
120661,3
84648,3
105226,2
99311,9
96098,6
100151,0
63663,0
119807,6
1590078,3
113200,0
95545,9
303361,5
2586070,7
113234,7
57215,6
357507,5
1128075,4
83111,8
416499,9
133751,5
98544,8
268219,8
27126,7
299977,6
1582244,9
71610,8
117318,9
317248,2
40876,6
101329,7
294939,8
100234,9
141105,1
443524,3
3877718,9
277322,0
42958,0
205735,2
1485763,7
1538874,3
19344,0
841027,4
35244,6
389790,7
17437,4
2617456,7
70351,8
76538,7
154443,0
106455,2
446784,3
67656,5
97770,2
32022,2
111756,6
118111,4
311356,3
95036,0
101669,2
91051,4
66585,6
3634940,8
1192613,5
398037,8
449086,5
60588,6
219126,2
56291,8
39305,2
115665,8
164312,3
51561,3
1073498,4
98051,2
82158,9
106810,9
479547,3
81747,6
66612,4
63486,8
33152,6
2216240,8
477347,6
61328,2
117218,1
89686,5
93974,5
450982,7
120467,2
36104,5
120707,4
39636,0
486576,6
128133,9
3323314,9
70544,7
1629757,9
202711,0
93779,6
120014,3
405496,3
927619,3
758746,5
251806,5
201631,0
220016,4
142032,6
117395,3
486946,6
2626964,8
32554,4
114733,4
315824,2
133952,8
765128,3
116245,0
328844,0
169547,1
32258,5
102555,8
50858,6
81505,5
1320291,5
154352,3
94894,2
298798,8
475616,4
99768,8
302674,6
162346,0
1359583,3
77681,5
322289,0
119098,1
87298,5
2224455,7
58621,4
1235448,5
45332,9
294357,6
187696,5
1059955,3
166593,9
923752,3
94882,0
126250,0
92105,4
34398,5
364961,9
322807,4
107451,8
327920,3
42949,8
89730,5
319736,9
119223,1
134983,5
204137,2
2387589,8
446029,4
112401,2
984204,8
98554,4
1837703,9
119381,1
107274,2
1090256,7
328828,1
60980,6
59362,4
1117581,8
46766,4
40662,0
100661,8
86087,1
1672723,7
74281,1
100611,4
2815030,8
41699,2
69495,4
138902,3
53320,1
192701,8
43067,6
52646,5
449121,3
102753,0
264464,9
1325753,7
113122,8
1083853,3
85636,5
119952,0
23686,0
49521,6
58571,1
173771,3
83951,7
169624,0
1611931,3
120254,7
93176,5
95977,4
69729,6
103926,1
142235,7
473514,5
859594,7
80881,4
37547,1
40946,6
99969,0
116606,1
119557,0
91225,6
165384,1
110955,2
82348,6
68649,5
38360,2
112541,4
68240,1
280030,7
2293640,7
808417,7
202682,8
162222,6
73887,3
775438,3
61170,1
326820,5
105631,2
102034,6
217287,0
19968,7
5037902,9
74287,5
50456,4
185584,4
2671600,7
3865478,8
391891,0
2292903,8
94963,2
80928,0
172396,1
44391,1
915463,7
37515,2
2709784,9
1007920,7
406158,9
91651,5
1003116,3
3433358,8
156323,2
2073121,8
1139668,5
362270,6
863136,7
478116,3
185284,8
80402,5
181739,7
265713,2
56341,4
137338,1
74597,4
322545,0
89791,6
56700,7
2091240,7
462232,8
116426,4
221073,9
142233,7
114706,8
120689,2
30746,4
432021,5
455577,4
120169,0
100157,2
70698,5
330069,3
84464,5
116934,1
372366,6
105287,6
88821,0
39152,1
120399,2
116629,6
428040,3
1561768,8
85501,0
113451,2
1109488,7
421082,9
28478,2
101583,7
103110,9
1058743,4
254814,8
92074,5
106856,2
331218,7
68281,8
2140203,7
47376,6
373883,5
832517,4
97674,7
3449292,9
18192,9
19760,3
156841,1
111275,4
67276,9
113526,4
81494,4
137386,1
146879,0
275277,7
87003,4
107472,3
53137,1
34583,1
118689,6
2363181,8
197096,1
1103153,4
779982,5
100935,2
182989,3
455857,5
102057,6
98382,6
103030,1
1990181,8
312848,3
367153,5
44760,6
884224,4
95468,2
111653,6
105107,0
33787,5
280990,2
107563,4
99040,9
347149,7
105251,4
266543,7
195366,8
40694,6
481254,9
91344,6
91867,1
4058500,8
95880,4
457414,3
89716,9
313911,6
448927,4
1287845,7
455596,6
40979,2
329717,4
112701,1
942385,4
65571,0
805570,5
145487,6
48956,0
109020,0
305396,6
109504,0
141716,3
120131,7
317234,9
265459,8
84335,9
356634,7
1213585,3
851578,7
493417,4
362511,2
1379182,8
73918,2
775552,7
810856,3
60884,1
1038919,4
2190367,8
82175,0
416891,4
47528,0
2243469,7
80724,1
3859076,9
279037,0
139668,2
1172570,9
119925,6
101252,0
109688,0
282856,3
39428,6
1105281,5
1743720,3
249380,2
93780,2
265307,1
104652,7
375104,9
949815,3
53796,0
106753,5
108451,1
245574,6
4573800,8
113118,0
61418,9
93756,2
269499,1
141986,3
960144,4
3386954,9
379713,3
283160,6
480011,8
82776,2
70644,0
1625155,8
253016,1
84740,1
468492,5
111712,2
369702,9
82405,0
376873,4
86303,8
120192,8
220580,1
47885,2
90903,8
40724,6
236157,2
95990,5
377749,5
1484522,3
1029241,5
75675,2
42192,0
161100,1
84745,5
177215,1
395421,3
312941,7
488953,3
73109,9
165982,7
90060,1
52846,5
119273,7
96163,2
376650,5
52354,8
2856930,9
83960,6
432972,8
77629,6
1528718,8
38120,9
103670,2
64418,6
73722,4
1343712,7
363579,0
473445,8
380687,5
100087,4
102558,4
89206,7
90163,5
3468260,7
236447,3
68883,9
94890,6
105417,2
58283,5
235712,5
3060952,7
101349,3
38718,7
232611,1
102945,8
124595,1
103939,9
102768,1
100079,5
808146,4
120694,5
15864,6
181786,3
81609,2
84485,0
45081,4
84422,1
2006295,9
1718915,8
264395,2
372238,7
287936,8
104604,7
209933,0
44105,6
811136,3
799954,3
267913,6
65580,5
295743,1
82926,4
110516,1
113463,9
290823,4
93638,2
1230155,4
326306,3
98625,2
1552976,3
3924798,9
60827,8
58586,2
71676,9
91427,4
85816,7
54428,1
111342,1
81568,4
47264,6
27700,0
81318,5
357110,0
134084,5
67085,3
110877,9
856052,4
803061,9
3384870,8
157913,2
1139319,8
110932,9
1587431,8
312318,3
264796,0
314226,8
351459,4
86373,4
120263,0
1280015,3
255589,8
66516,6
37365,2
88850,4
151137,6
278475,7
329101,5
90274,4
112749,8
281905,9
759612,9
284946,7
243508,1
81040,7
250638,2
113014,4
213121,4
58700,5
53602,0
107745,7
337961,5
68441,1
119278,0
88128,1
124102,5
104299,2
89643,1
220596,8
60482,9
482602,9
264761,1
98533,9
2024544,9
1864405,9
1981703,3
117608,4
90852,4
81184,5
40866,0
116361,2
1037033,3
929753,7
155975,5
115164,9
379786,6
118720,4
86960,4
270259,8
243017,7
223530,4
76342,9
119577,9
70003,5
97790,4
70222,5
86542,4
87800,5
120885,0
1426329,9
57603,5
247196,9
22100,2
94828,9
1391116,8
218553,5
488658,6
77248,2
891527,8
99512,2
55353,0
91142,5
107090,8
99317,7
377092,4
252684,0
432283,7
16220,5
84503,7
80714,1
100486,9
89981,1
856008,3
68762,6
120610,2
2095004,7
99871,5
144814,5
270971,3
235737,2
23374,9
70061,1
265632,7
126938,4
60712,3
70258,3
315297,2
52700,9
90005,9
119842,0
101492,5
314431,1
91777,2
80610,1
132512,1
31359,8
366137,4
252277,8
1114740,4
82235,5
379269,3
34786,5
63218,0
46268,6
45187,9
92843,0
164184,8
344854,7
384286,5
2083379,8
1024943,4
364751,6
75147,6
53126,6
1533086,8
455957,9
2820466,7
80678,9
114550,1
116635,9
82416,1
115472,6
104257,8
146316,6
56368,5
201517,0
54189,2
108026,0
1683876,3
57058,0
455475,3
2073520,7
188052,0
119053,6
137201,7
8,3
119434,1
100502,2
106544,4
78035,9
119783,2
863093,8
55608,6
1291580,9
497365,8
63642,9
90644,5
317705,7
114011,1
209463,0
107358,0
81059,9
492494,3
2707858,9
382628,5
1691917,7
167261,6
221889,8
156794,0
1135922,8
65537,2
119905,0
13075,4
1117394,3
112346,1
1979172,7
95963,4
93871,7
217107,1
278736,3
167925,1
1212448,7
382932,7
81109,9
275434,9
181288,3
1684564,8
242445,4
425661,6
168501,0
199683,4
219952,2
78721,1
263363,8
325805,2
251433,2
287839,6
55623,0
71880,9
80354,5
61781,0
155197,2
203540,2
386820,7
39631,2
95525,6
292242,4
2033372,7
118887,2
114369,2
37630,1
118851,1
95250,6
119590,0
31210,1
72431,4
57877,9
38279,6
62425,0
61452,4
379725,9
261755,4
108069,7
160509,1
1947964,7
478090,3
844768,3
51773,1
2058583,3
74811,8
57693,5
58294,0
31595,4
109034,8
283026,8
102849,4
1087458,4
119561,3
1571222,9
216772,2
102813,7
140447,9
1606382,3
99669,6
2404425,9
118114,7
87280,2
118043,0
91343,5
100928,6
84899,0
765432,9
93690,4
53976,0
119521,2
119164,0
49730,6
166396,4
328832,7
486572,4
209322,1
1241326,3
137363,2
1229367,9
799948,3
83641,1
1477076,5
241073,5
422295,9
228242,1
63715,5
34889,1
993779,4
379557,3
451079,7
112641,2
69001,8
52618,6
892425,3
69762,2
125022,2
253126,4
377981,7
79788,5
101318,1
65481,2
99460,4
91939,1
1331092,3
93648,1
16123,5
53131,0
119935,0
102898,2
71222,5
48527,1
206367,7
70034,2
1783285,8
342956,3
110912,2
68264,5
2565752,8
63850,0
20876,4
86907,3
952682,8
119125,1
276830,6
102573,2
84315,7
56704,2
280870,8
125308,8
89424,0
95665,0
2375417,8
65649,0
119361,0
1683043,7
116905,2
424565,3
110524,4
71266,4
50598,0
76933,4
1113829,3
68309,2
311289,6
109771,9
71679,7
65531,2
47200,5
73092,2
86643,3
290664,0
314166,7
278823,1
94827,8
417148,6
194218,2
35262,6
368745,3
80594,3
210130,3
2299368,7
86429,0
1515935,3
116604,2
98184,2
76913,4
35432,2
57831,0
87544,7
118548,2
240793,9
117781,2
1410281,3
66579,1
26249,6
68816,0
109190,6
1100053,5
245943,6
107302,2
86837,6
1124394,5
2314886,8
68805,0
2481512,8
95489,7
64708,6
104692,5
36515,0
127357,6
39566,4
109162,7
1883397,8
493459,3
82869,2
1342115,8
90056,6
111127,2
98084,5
112628,0
109417,2
1572769,3
15119,4
186589,2
269461,9
245238,1
790799,7
111149,2
59260,6
129775,7
106505,4
94793,5
38669,2
272207,2
1035736,9
70860,4
439784,3
243794,0
77204,7
102465,1
1503769,3
301470,5
76348,0
104155,5
33922,1
114704,2
94238,7
1546036,7
74896,6
39725,2
120202,0
81112,6
287138,4
95647,2
489244,5
331834,5
978762,7
45943,9
806027,5
98189,7
76752,6
82951,5
968311,9
2649128,8
157411,8
84509,7
1226261,3
1157604,3
101761,9
109403,4
42325,1
327169,4
84777,2
119453,1
276816,5
1468322,7
338309,0
938780,7
94006,1
131646,6
107384,6
356910,4
88680,2
106387,1
13086,2
1093824,3
371724,6
83099,4
86904,9
48310,6
271582,0
119062,8
2357453,9
46250,1
91647,5
815890,7
425600,8
337585,0
95243,9
890870,5
50397,6
58100,6
326977,2
97441,9
120783,6
1638362,3
2717318,8
109361,6
11652,4
112646,3
115836,4
259153,5
56512,0
61439,6
101811,0
93608,5
112607,0
29192,1
155722,1
104810,3
250323,2
1214962,8
80025,6
54033,5
3091272,7
1731998,8
467110,6
113125,3
1235837,7
127458,7
69029,5
334029,3
2369205,8
348150,6
431961,3
110099,1
462477,9
327554,2
1474311,7
804463,9
284741,9
96288,0
55972,2
168856,7
277296,6
107034,5
114702,9
74312,8
64373,6
111019,0
59245,9
74749,2
1376195,4
96426,5
117677,3
63141,9
350258,9
56215,0
86200,2
188506,7
92656,1
93010,8
109836,5
117705,7
34449,4
97428,4
397612,3
109635,8
2404181,9
120670,8
147926,7
260746,1
247425,2
1590050,3
2140373,9
301978,0
86343,8
33563,7
480249,5
342804,3
368296,5
1216516,7
426265,7
2160163,7
304391,2
427312,3
114916,1
301555,3
372784,6
89118,8
78062,5
93378,9
114494,0
113403,4
78902,1
420740,8
342143,3
70531,5
95327,7
120389,6
1314652,8
57251,0
114307,1
844666,5
3776288,8
48210,9
327437,6
396271,8
117517,0
1001548,8
321376,3
52600,1
150377,2
109950,8
97567,0
189070,7
472062,9
323810,9
480461,7
1484954,8
118100,2
312528,6
117631,9
298388,7
291579,1
427783,3
110256,8
268696,0
264802,3
2386285,8
94138,4
89892,8
338512,6
107983,2
858486,7
79219,2
65377,8
98333,6
203755,2
83629,5
2388725,7
4528386,9
113253,5
68727,5
953318,8
856288,5
350002,3
952640,7
103644,5
1220213,5
89960,1
438859,9
83336,5
116783,1
1134665,3
303714,0
382572,4
62671,8
114694,6
81114,5
166707,0
71198,5
53571,6
117582,8
384806,5
42530,2
108328,9
111732,0
4510398,8
381442,4
355683,2
126810,1
110322,1
278069,3
57681,4
2008655,8
92857,2
166896,9
50610,5
218043,3
161216,9
1198399,3
3030354,8
182060,6
52126,1
70913,4
492881,4
58083,8
479916,3
92850,5
84695,5
1024648,9
313670,2
2572632,8
87795,4
119304,1
112579,1
330247,0
218581,0
120657,6
479916,3
80863,1
230334,3
193364,6
912583,3
961097,7
21577,5
81427,4
114134,0
116378,2
124899,8
126261,0
69400,4
172156,4
81554,0
86058,8
101846,8
70913,4
80503,5
111418,1
339291,6
67824,2
857295,5
65593,9
262826,1
2855724,8
97613,2
32851,6
120701,0
61834,0
45037,7
180073,9
106308,5
1661820,8
61722,0
112302,6
110443,6
34167,9
162830,0
186719,0
361462,4
70643,0
65207,6
3170900,8
88936,2
55069,4
473506,3
116447,0
401855,6
417415,3
67541,8
342636,0
104409,5
1899324,8
119303,2
117221,0
68833,2
250224,1
67885,5
1160424,3
86543,5
282120,6
119080,0
53133,2
308672,3
69958,0
962736,9
330500,5
1772341,7
56060,7
1185616,3
185014,0
1491605,3
71663,8
118531,8
446750,9
112887,4
101606,4
97940,2
326769,0
301199,2
1155588,8
44413,6
367594,6
120199,6
48254,2
49189,1
119594,2
27532,1
109035,2
145681,2
259207,3
29850,9
115907,0
110005,9
317740,2
223250,3
112257,5
90567,2
2173024,8
160620,2
239986,1
111102,0
74512,8
84701,7
167427,1
79914,4
286516,0
287364,0
496634,9
112715,6
827990,7
116367,2
68248,8
432289,8
105032,9
421974,6
72684,6
90738,2
72886,6
368891,6
27800,5
66319,1
1064953,5
439511,3
40723,2
142192,2
99850,2
109226,0
106912,9
455565,7
204626,2
236640,9
236008,3
107474,0
1977739,8
2381931,8
100470,0
95444,5
21720,7
1027091,3
99026,4
976247,4
65693,8
239797,7
16004,4
219636,0
60665,9
102095,4
104558,4
58241,9
216578,9
2299248,9
923811,7
299040,7
120867,2
89017,0
72979,2
70511,9
77318,9
304229,1
4437640,7
119116,6
177749,4
76097,3
154750,9
79336,6
2911668,8
86589,8
56541,0
80997,8
52311,2
114319,0
71797,9
107840,1
1129420,8
109219,1
44685,9
986358,3
1254956,7
199314,1
267563,3
1045889,3
86154,2
1319744,3
366621,7
99575,6
59903,4
309291,0
66605,8
185125,0
171135,2
80461,7
64482,3
41085,5
112438,8
106336,6
113247,2
343660,1
50629,6
55928,6
487092,3
97648,9
43379,6
90779,8
119791,5
107471,1
318049,3
308055,9
1441953,9
1800671,8
118755,6
81150,0
1853614,7
104850,1
110857,2
115837,1
91164,8
1523980,3
1416801,9
117422,0
1190536,4
72747,2
31593,1
286947,2
272020,8
81163,2
337945,6
102685,2
405296,7
114376,8
233230,2
44324,9
195630,8
460505,9
107247,0
103924,6
116714,1
169543,8
1605803,9
2516610,8
81494,4
92076,5
163983,2
342965,7
185183,6
102817,0
3029476,8
78199,1
349710,8
202381,8
103035,4
82490,4
116749,9
82245,5
113617,6
307385,3
436613,3
388789,3
110759,4
206742,1
70109,9
490086,4
84914,9
186151,2
117958,0
341011,7
46204,9
259054,1
101026,2
443424,7
435100,9
83943,6
403962,3
3921852,7
182508,0
47296,2
114048,6
60214,5
88461,0
90915,5
1014809,3
2132285,9
98692,7
2017020,7
173772,3
82183,6
460435,5
64117,1
482606,5
119560,1
110061,8
89746,4
1179069,5
93777,5
1216475,7
70354,4
110598,1
1398941,7
1394268,3
92532,6
1235827,7
323939,2
2608224,9
80140,0
1144539,3
71521,4
3600950,7
266987,2
55719,6
18578,1
115530,0
95532,8
69824,9
87995,2
254099,1
61647,6
53580,6
41546,2
58153,4
116465,0
164003,2
360717,6
239949,1
60464,6
152930,4
117104,1
233699,0
468965,8
32943,1
1499213,7
247303,5
105435,2
430676,5
413300,6
98492,7
1342403,7
438205,3
120353,8
76095,1
780583,5
808508,7
91554,2
91042,4
116260,2
75276,0
98308,4
94834,6
2515242,9
117332,4
74875,5
64893,0
77941,9
379730,3
111359,6
107711,2
39853,2
103973,0
84691,0
827782,5
203166,1
1647668,9
284490,4
158030,0
1242618,5
102511,0
1009014,3
94888,6
1558250,3
108065,9
23948,0
168629,2
202677,2
171227,8
383060,6
471588,7
930071,4
240402,1
52572,0
35575,9
83189,1
215369,0
109785,2
468774,5
1029172,3
101587,4
120703,1
107594,2
2205401,8
1690953,7
1294164,3
58404,0
269329,2
1320304,5
164052,5
765430,5
436724,3
32811,0
112571,0
279830,7
1035730,9
82892,7
1226774,4
486655,6
75232,6
348124,7
31742,0
79641,5
453508,3
114131,1
87072,4
51834,0
250491,4
80339,4
59106,5
108238,2
884762,3
29605,1
1396557,3
16640,2
271027,2
110747,3
1117563,7
65911,0
81353,6
3515632,8
1295021,7
486585,3
81974,1
62480,6
119494,1
86984,5
240419,0
309061,3
116886,3
373889,6
29811,2
69113,6
907676,5
1790834,8
50177,5
473389,9
791338,9
2093997,7
110274,4
51201,2
319685,8
103767,3
2313197,7
97336,9
113855,6
48579,6
197544,3
111055,0
1242755,8
1971466,7
377992,9
33389,9
109374,2
319470,0
64505,4
105652,0
280754,9
1045772,9
1744776,7
57259,6
469979,5
118020,4
165831,4
353489,5
110066,4
33727,7
120797,1
99127,9
35100,4
98519,6
116661,1
340377,0
48213,4
67490,5
36326,7
92804,9
264323,5
120722,1
914863,8
105462,9
71913,7
1814819,8
291082,7
116151,6
2106361,8
1372301,7
1282156,8
274117,2
71615,6
457297,5
113987,9
228687,7
114808,1
943326,5
42477,9
180443,3
410730,5
250730,3
138414,1
77321,2
1315419,8
50599,1
58620,5
478214,9
106557,5
92038,8
246500,2
99857,0
1213012,7
325537,4
1582271,8
94169,2
23285,2
1127180,5
43511,0
780608,4
119013,4
1587373,3
280665,2
281373,6
84390,0
61619,1
103872,4
93428,6
203427,4
107756,9
93389,9
95800,6
296881,3
66318,8
251777,1
116477,0
89469,6
368578,6
472033,7
102975,6
28944,1
59044,5
55499,0
468820,5
290538,9
1838475,8
102336,4
13662,1
82269,8
106364,7
335438,2
358456,3
120107,8
69257,2
163187,1
129280,4
76104,3
104438,1
92798,4
36191,6
55871,8
126029,7
78350,5
412080,9
254683,8
104373,0
81283,0
1430615,9
114622,6
2785288,9
68935,6
4215332,7
104040,1
80569,2
46183,7
63227,9
314498,2
2427892,8
66011,1
64652,0
239641,5
92854,0
109303,2
13140,8
69449,0
1386926,3
98987,6
163025,6
91113,0
106447,0
326208,9
421082,9
1563719,8
384533,0
250081,1
348121,7
70115,0
1135503,9
1179947,3
122474,9
33407,9
71206,6
83107,2
2307002,8
1762399,7
73580,8
220157,1
86216,0
76085,0
20691,6
242508,2
66563,4
45162,6
430308,9
120696,2
105197,0
208502,7
382734,7
284262,3
276751,1
112120,3
66495,4
92627,2
177650,4
423294,7
81506,6
119109,1
127626,4
94074,6
97216,0
83686,1
475750,8
45888,2
357585,5
113500,4
231626,7
218619,5
100604,2
89560,9
119709,8
84934,1
236000,4
80179,4
276820,0
110044,2
51845,0
120032,4
1104083,9
857295,5
192745,0
404364,5
495212,7
73915,4
